종목코드,종목명,분기,발표일,정보출처,유형,포함버전,상장직후,거래일t0,모델,추정관측수,alpha,beta_시장,beta_섹터,R2,CAR_0_1,CAR_0_5,CAR_0_20,CAR_PRE,이벤트키,사유
018290,브이티,2022Q3,2022-11-11,정기보고서,브랜드,v1,False,2022-11-11,2팩터시장모델,220,-0.0011806850347025055,0.6969406148420156,0.2661954985288589,0.518530908482923,-0.021782086003076365,-0.013826981412602296,-0.021695911990432734,0.0338930978150153,018290_2022Q3,
018290,브이티,2022Q4,2023-02-28,잠정실적,브랜드,v1,False,2023-02-28,2팩터시장모델,220,-0.0005779883733955923,0.6333945622573482,0.19839204808998373,0.43014502057050874,0.02569597444826445,0.020471085053679127,0.13117090429911854,-0.06614767725900632,018290_2022Q4,
018290,브이티,2023Q1,2023-05-15,정기보고서,브랜드,v1,False,2023-05-15,2팩터시장모델,220,-0.00016861562063102647,0.6629297767258424,0.23969318870304598,0.4054841608363422,0.011430482652307491,0.00330736344822297,0.11025433942984723,-0.08421661542018649,018290_2023Q1,
018290,브이티,2023Q2,2023-08-11,정기보고서,브랜드,v1,False,2023-08-11,2팩터시장모델,220,0.0024074427795704274,0.6353595575766935,0.23796691544069987,0.19034064752445568,0.07396906873850659,0.025376331801118087,0.42750311297437005,0.055843347999363406,018290_2023Q2,
018290,브이티,2023Q3,2023-11-09,정기보고서,브랜드,v1,False,2023-11-09,2팩터시장모델,220,0.00570120089709138,0.5483158875065988,0.4559783917469119,0.13708058191943473,0.013172882343015228,0.08952278902385548,-0.21930803473117771,0.02898563357433529,018290_2023Q3,
018290,브이티,2023Q4,2024-02-26,잠정실적,브랜드,v1,False,2024-02-26,2팩터시장모델,220,0.004974119934181235,0.8756302160810021,0.5659199018510017,0.19769974937196977,-0.06609966929138232,-0.1396666595612865,-0.14628015232785285,-0.03145748479678255,018290_2023Q4,
018290,브이티,2024Q1,2024-05-13,정기보고서,브랜드,v1,False,2024-05-13,2팩터시장모델,220,0.005121651244536292,0.9404627640587245,0.7839639829334973,0.2198485554868317,0.0014168189641939472,0.030442622905496514,0.085923142406677,-0.024171128737145053,018290_2024Q1,
018290,브이티,2024Q2,2024-08-12,정기보고서,브랜드,v1,False,2024-08-12,2팩터시장모델,220,0.006756903567285381,0.8755960855442453,1.051956818288758,0.2918450651727166,-0.12548897889635904,-0.17339417315985944,-0.12608069073571093,0.269965354169994,018290_2024Q2,
018290,브이티,2024Q3,2024-11-14,정기보고서,브랜드,v1,False,2024-11-14,2팩터시장모델,220,0.0034493524958810404,1.0215998971522984,1.1237823298493776,0.3576487927474562,0.045989900202890205,0.05586846936504273,0.34475472763308923,0.14967318992882855,018290_2024Q3,
018290,브이티,2024Q4,2025-02-26,잠정실적,브랜드,v1,False,2025-02-26,2팩터시장모델,220,0.006105721599016535,1.3571873509492112,1.308908242275486,0.45819511680001057,-0.052446269555248164,-0.11976341735779417,-0.22204326456623946,-0.049030486740443684,018290_2024Q4,
018290,브이티,2025Q1,2025-05-13,정기보고서,브랜드,v1,False,2025-05-13,2팩터시장모델,220,0.004032440494136974,1.3473090031322756,1.1852810633873245,0.4609638244130302,0.018494451228039728,0.08831214231220927,-0.1675833112648883,-0.08741951965613216,018290_2025Q1,
018290,브이티,2025Q2,2025-08-12,정기보고서,브랜드,v1,False,2025-08-12,2팩터시장모델,220,0.0006675102593288605,1.3056526384304294,1.2167226898896795,0.49415138578717344,0.05797462396657279,0.0492053720269934,-0.14405302196596,0.11357912539175094,018290_2025Q2,
018290,브이티,2025Q3,2025-11-14,정기보고서,브랜드,v1,False,2025-11-14,2팩터시장모델,220,-0.0005125014006776634,1.2077048596284685,0.959559864508702,0.383876537835509,-0.06426369629943741,-0.15483703507833507,-0.1973644968904963,-0.05494068550224021,018290_2025Q3,
018290,브이티,2025Q4,2026-02-26,잠정실적,브랜드,v1,False,2026-02-26,2팩터시장모델,220,-0.003474714774413883,0.8135820485884662,0.7172817769990716,0.36446279806852877,-0.03240537450500981,-0.06417788364155935,0.0007731793546391363,0.05468147636578543,018290_2025Q4,
018290,브이티,2026Q1,2026-05-15,정기보고서,브랜드,v1,False,2026-05-15,2팩터시장모델,220,-0.005239368071561668,0.7590033973124591,0.7213082104415347,0.47374069909806826,0.04033685164372932,0.06181975223320581,0.07014790028115488,0.019769577770402058,018290_2026Q1,
018290,브이티,2026Q2,2026-08-13,정기보고서,브랜드,v1,False,2026-08-13,2팩터시장모델,220,-0.00546250901604592,0.8167316766633261,0.7573608411489795,0.5701619717150128,-0.110318657870976,-0.11945987272898431,,0.11744952349900098,018290_2026Q2,
090430,아모레퍼시픽,2022Q3,2022-10-31,잠정실적,브랜드,v1,False,2022-10-31,2팩터시장모델,220,-0.0008769416550405822,0.9894979178005379,0.6880494683084029,0.319490037197367,0.043567066007535016,0.1296759879503207,0.2777255193489342,-0.11553832516363916,090430_2022Q3,
090430,아모레퍼시픽,2022Q4,2023-02-01,잠정실적,브랜드,v1,False,2023-02-01,2팩터시장모델,220,0.0004363905045120477,1.0999754761919533,0.7195330023061127,0.3398463042922176,0.02060547402954003,-0.0014282464459319053,-0.028039565582926106,-0.002176234495861778,090430_2022Q4,
090430,아모레퍼시픽,2023Q1,2023-05-02,잠정실적,브랜드,v1,False,2023-05-02,2팩터시장모델,220,-0.000295798569169059,1.1583635503671244,0.6875005323046279,0.34403246932945974,-0.0735272624809438,-0.14040714786080533,-0.30662636550462047,-0.11828752919507854,090430_2023Q1,
090430,아모레퍼시픽,2023Q2,2023-07-26,잠정실적,브랜드,v1,False,2023-07-26,2팩터시장모델,220,-0.001364768253530433,1.1688010218703133,0.7025541745663877,0.363802602218928,0.12389914635636416,0.17830537654208317,0.16542261300563305,0.03441864306280401,090430_2023Q2,
090430,아모레퍼시픽,2023Q3,2023-10-31,잠정실적,브랜드,v1,False,2023-10-31,2팩터시장모델,220,0.0010135185129048182,1.1282505492950134,0.6635025091659533,0.32447466711327844,0.18177877237601148,0.186634104843782,0.16524478122107625,0.0061025704071854744,090430_2023Q3,
090430,아모레퍼시픽,2023Q4,2024-01-30,잠정실적,브랜드,v1,False,2024-01-30,2팩터시장모델,220,-0.00037393353091876697,0.6292366711608599,0.4563000281733977,0.17843416189175287,-0.12456103212685196,-0.072754158185691,-0.10507065942716914,-0.002762599341916732,090430_2023Q4,
090430,아모레퍼시픽,2024Q1,2024-04-29,잠정실적,브랜드,v1,False,2024-04-29,2팩터시장모델,220,-0.0008073937028895844,0.6616957477490925,0.4280756455539557,0.15974162819173976,0.09649979477198144,0.0603257679779426,0.10970362128336046,0.23742443651348014,090430_2024Q1,
090430,아모레퍼시픽,2024Q2,2024-08-06,잠정실적,브랜드,v1,False,2024-08-06,2팩터시장모델,220,0.0022560209420079205,0.35231359243277144,0.4585498507212943,0.15737802563941583,-0.2664063779520161,-0.32974350489322934,-0.2627182362475356,0.20003915191192612,090430_2024Q2,
090430,아모레퍼시픽,2024Q3,2024-10-31,잠정실적,브랜드,v1,False,2024-10-31,2팩터시장모델,220,0.0016475566997371548,0.38746097889329506,0.5084306684682288,0.1410745269309519,0.01772381431676906,0.03278284650443784,-0.015232837536199455,-0.18879037847152713,090430_2024Q3,
090430,아모레퍼시픽,2024Q4,2025-02-06,잠정실적,브랜드,v1,False,2025-02-06,2팩터시장모델,220,-0.00018621419529023806,0.524530656201756,0.5803439565212758,0.21521777972731582,-0.04008305464748637,-0.0437186220675819,-0.039221751948182434,0.2067608228845831,090430_2024Q4,
090430,아모레퍼시픽,2025Q1,2025-04-30,잠정실적,브랜드,v1,False,2025-04-30,2팩터시장모델,220,-0.0005719656368579143,0.6731336474659593,0.571682710819337,0.22125666940334499,0.019050647041977887,-0.030770175236454797,0.008549168431874962,0.13945419690044886,090430_2025Q1,
090430,아모레퍼시픽,2025Q2,2025-08-01,잠정실적,브랜드,v1,False,2025-08-01,2팩터시장모델,220,-0.000735673050877207,0.7856457759585801,0.5465211115422153,0.2436623281679673,-0.01566046603421208,-0.07192342694649817,-0.09910731645519356,-0.03032680804596063,090430_2025Q2,
090430,아모레퍼시픽,2025Q3,2025-11-06,잠정실적,브랜드,v1,False,2025-11-06,2팩터시장모델,220,-0.0010210289398615239,0.9710538178892631,0.43625195434423647,0.3900367698160322,0.08310889899133067,0.07919892933692914,0.09582341176831662,-0.04936243538982418,090430_2025Q3,
090430,아모레퍼시픽,2025Q4,2026-02-06,잠정실적,브랜드,v1,False,2026-02-06,2팩터시장모델,220,-0.001055829620513147,0.49485022047775523,0.46740520523698337,0.2814608139796452,0.17050983614222823,0.14620288234646145,0.01626696655638117,0.09841136983483102,090430_2025Q4,
090430,아모레퍼시픽,2026Q1,2026-04-29,잠정실적,브랜드,v1,False,2026-04-29,2팩터시장모델,220,-0.0010464422316931506,0.5027280915381986,0.5552221044238653,0.3334665591510739,-0.05792436465184919,-0.126648536931506,-0.2386442070041655,-0.0827380086520136,090430_2026Q1,
090430,아모레퍼시픽,2026Q2,2026-07-30,잠정실적,브랜드,v1,False,2026-07-30,2팩터시장모델,220,-0.0025622671111289463,0.40188904367794104,0.6939592816818573,0.42327050053219206,0.061398276517299406,0.039887692091419964,,0.17886336289840318,090430_2026Q2,
092730,네오팜,2022Q3,2022-11-04,잠정실적,브랜드,v1,False,2022-11-04,2팩터시장모델,220,-0.0005699605009934402,0.6766676818654205,0.4698455680913099,0.5877578713285778,0.005893625016119262,-0.012047501686929456,-0.015152632140885355,0.03587270861898774,092730_2022Q3,
092730,네오팜,2022Q4,2023-02-07,잠정실적,브랜드,v1,False,2023-02-07,2팩터시장모델,220,-0.00010970186775363038,0.7115882305788443,0.45741685058590686,0.6487762662625296,-0.011454979633214287,0.0028157779097228094,-0.0960014852005545,-0.033432597605601674,092730_2022Q4,
092730,네오팜,2023Q1,2023-05-04,잠정실적,브랜드,v1,False,2023-05-04,2팩터시장모델,220,-0.0012747578033618062,0.6881391482832614,0.41189433396324404,0.5102767811358817,0.13897406117530253,0.17369317105955182,0.08066434161433751,0.007141236436366393,092730_2023Q1,
092730,네오팜,2023Q2,2023-08-04,잠정실적,브랜드,v1,False,2023-08-04,2팩터시장모델,220,0.0007910218234641601,0.570785416607341,0.4245184624575791,0.2203256515036741,0.04592580250086255,0.037919821984782186,0.04885394174822884,-0.021106337176253,092730_2023Q2,
092730,네오팜,2023Q3,2023-11-03,잠정실적,브랜드,v1,False,2023-11-03,2팩터시장모델,220,0.0014358188580121734,0.42888712697611575,0.48444022159738226,0.18683585558006743,-0.0434103096914653,-0.0875466381338375,-0.060775206965109026,0.013581195012020882,092730_2023Q3,
092730,네오팜,2023Q4,2024-02-02,잠정실적,브랜드,v1,False,2024-02-02,2팩터시장모델,220,0.0008538046659372333,0.230327443981401,0.44159968282528445,0.1405516674531634,0.033609080596838106,0.0287776824478363,-0.02443099403503097,0.046177942851253165,092730_2023Q4,
092730,네오팜,2024Q1,2024-05-03,잠정실적,브랜드,v1,False,2024-05-03,2팩터시장모델,220,0.0017734756482924905,0.1241468553668419,0.47186865644701503,0.12362039999776886,-0.034130474938455994,-0.09080774811640553,-0.04938800619090522,-0.008815828141336964,092730_2024Q1,
092730,네오팜,2024Q2,2024-08-02,잠정실적,브랜드,v1,False,2024-08-02,2팩터시장모델,220,0.0016492981423199336,0.227543541603768,0.408832792101347,0.16543263121192764,-0.020371859212322384,-0.12780565234857397,-0.10819464277923792,-0.10655737335686936,092730_2024Q2,
092730,네오팜,2024Q3,2024-11-01,잠정실적,브랜드,v1,False,2024-11-01,2팩터시장모델,220,0.000142847952109753,0.19083867815967864,0.29933545350717483,0.11125483688555948,0.09210078919610983,0.09223707843850189,0.0171211352681629,0.006698843101808058,092730_2024Q3,
092730,네오팜,2024Q4,2025-02-04,잠정실적,브랜드,v1,False,2025-02-04,2팩터시장모델,220,-0.00014558455548548637,0.4905730299473616,0.322785361558194,0.19936581877966253,0.05692453601937818,0.037972510435478495,0.06337534169022414,-0.07351596492949673,092730_2024Q4,
092730,네오팜,2025Q1,2025-05-09,잠정실적,브랜드,v1,False,2025-05-09,2팩터시장모델,220,0.0007654501251878861,0.5605893497750619,0.2632324271184622,0.2129949493320854,-0.010698524814122,-0.061131957037998286,-0.006442079969620689,0.021222939169709874,092730_2025Q1,
092730,네오팜,2025Q2,2025-08-01,잠정실적,브랜드,v1,False,2025-08-01,2팩터시장모델,220,0.0006528738449014259,0.5546601678317806,0.3753934954939866,0.2763889107802282,-0.013808590694383713,-0.00475746189268998,0.028259621997932388,0.25438340314275326,092730_2025Q2,
092730,네오팜,2025Q3,2025-11-07,잠정실적,브랜드,v1,False,2025-11-07,2팩터시장모델,220,0.0011538200706927568,0.6219212200020269,0.4945235984547397,0.23455594419378434,0.07026562330364536,0.12865104308797784,0.17111979593240653,0.003075671333939838,092730_2025Q3,
092730,네오팜,2025Q4,2026-01-27,잠정실적,브랜드,v1,False,2026-01-27,2팩터시장모델,220,0.0023249484742498693,0.5240051114078389,0.5936889216557169,0.2342514557346439,-0.0313204882264017,0.007223848016746054,-0.05369343953150095,-0.131828055492118,092730_2025Q4,
092730,네오팜,2026Q1,2026-05-08,잠정실적,브랜드,v1,False,2026-05-08,2팩터시장모델,220,0.0007182466838190527,0.4170748519164426,0.6650223575224647,0.2711399749176222,-0.05462280031873456,-0.06706970541130468,-0.08234003976827375,0.07264697778880375,092730_2026Q1,
092730,네오팜,2026Q2,2026-08-07,잠정실적,브랜드,v1,False,2026-08-07,2팩터시장모델,220,-0.00044491100557975767,0.43290408897671884,0.6283874220313117,0.32203691888441077,0.1129376549539969,0.05597505867688111,,0.038819403790967405,092730_2026Q2,
114840,아이패밀리에스씨,2022Q3,2022-11-14,정기보고서,유통,v1,False,2022-11-14,2팩터시장모델,220,0.003013526756087874,1.1998076454218018,0.7902919064127399,0.33025054639037954,0.010776354447636818,-0.027446900784071346,0.04665497317709023,-0.24423220760233522,114840_2022Q3,
114840,아이패밀리에스씨,2022Q4,2023-02-16,잠정실적,유통,v1,False,2023-02-16,2팩터시장모델,220,0.003032828071116013,1.231385469655675,0.8283371438739906,0.3714465985029852,-0.1296662981149236,-0.07333078009724814,-0.07133480601859757,-0.09834117848500734,114840_2022Q4,
114840,아이패밀리에스씨,2023Q1,2023-05-15,정기보고서,유통,v1,False,2023-05-15,2팩터시장모델,220,0.0014375277881912545,1.093209099954922,0.6689991802044537,0.33449639987984403,-0.03896460901521135,-0.1312651299689099,-0.021175163098041242,0.06525478667573036,114840_2023Q1,
114840,아이패밀리에스씨,2023Q2,2023-08-14,정기보고서,유통,v1,False,2023-08-14,2팩터시장모델,220,0.0034737908531484564,0.9560223808089057,0.98685363451197,0.32966233117670585,0.04297858425116613,0.1467270901049939,0.07256945000701442,-0.15713357020502156,114840_2023Q2,
114840,아이패밀리에스씨,2023Q3,2023-11-13,정기보고서,유통,v1,False,2023-11-13,2팩터시장모델,220,0.005153182752856013,0.549840845891547,0.970846886871942,0.26054110697122124,-0.014541630840651621,-0.0003878565934606962,-0.015565901218895756,-0.08366765628079252,114840_2023Q3,
114840,아이패밀리에스씨,2023Q4,2024-02-14,잠정실적,유통,v1,False,2024-02-14,2팩터시장모델,220,0.0031643186738535387,0.39602507534549736,0.9972638679494602,0.26208860120578026,0.05424151361436048,0.026541344147805408,0.17274832343394808,0.12606008168107363,114840_2023Q4,
114840,아이패밀리에스씨,2024Q1,2024-05-10,정기보고서,유통,v1,False,2024-05-10,2팩터시장모델,220,0.0036923299863027216,0.2600765327947625,0.8932610493575662,0.22581508290158092,0.10041184376585452,0.04958561861316158,0.12552020679358228,-0.10212099471917706,114840_2024Q1,
114840,아이패밀리에스씨,2024Q2,2024-08-09,정기보고서,유통,v1,False,2024-08-09,2팩터시장모델,220,0.00633872245019685,0.19049071456947775,1.0744732133185853,0.3081189926209956,-0.12893513114867994,-0.2012142849363927,-0.4892242820693419,-0.007607328956940142,114840_2024Q2,
114840,아이패밀리에스씨,2024Q3,2024-11-11,정기보고서,유통,v1,False,2024-11-11,2팩터시장모델,220,0.0039036544336675328,0.5472084965883899,1.0657923816615407,0.3279175791746175,-0.00274373763430473,0.09149818218678842,0.10040399994729675,-0.2247180273919369,114840_2024Q3,
114840,아이패밀리에스씨,2024Q4,2025-02-10,잠정실적,유통,v1,False,2025-02-10,2팩터시장모델,220,0.0024345861638108944,1.0358202432822825,1.1122669858763816,0.42430285330110096,-0.1492326995183406,-0.09872388291532583,-0.26883596171670593,0.30300747034165393,114840_2024Q4,
114840,아이패밀리에스씨,2025Q1,2025-05-08,정기보고서,유통,v1,False,2025-05-08,2팩터시장모델,220,0.0012153116249527152,1.1027827827631937,1.2184721236186782,0.42789649105392136,-0.19310180745196578,-0.21235413483832605,-0.3850180593923733,0.05763985722286827,114840_2025Q1,
114840,아이패밀리에스씨,2025Q2,2025-08-14,정기보고서,유통,v1,False,2025-08-14,2팩터시장모델,220,-0.001878422917991433,1.1297229831778943,0.673479344153908,0.32081564816356045,0.07433888758301171,0.2758631760891448,0.3553760679936112,0.13441962404671856,114840_2025Q2,
114840,아이패밀리에스씨,2025Q3,2025-11-14,정기보고서,유통,v1,False,2025-11-14,2팩터시장모델,220,0.0008178857224532657,0.965069431714729,0.5684492385335262,0.20795035882579482,-0.04261508422203471,-0.0935522541394672,-0.08778046424507556,-0.13143072833959318,114840_2025Q3,
114840,아이패밀리에스씨,2025Q4,2026-03-19,정기보고서,유통,v1,False,2026-03-19,2팩터시장모델,220,-0.0025215921817093594,0.5812226522323038,0.466960714867619,0.17487230742558224,0.03986383002522299,0.025416693264842048,0.054120408731088886,-0.16556259740422935,114840_2025Q4,
114840,아이패밀리에스씨,2026Q1,2026-05-15,정기보고서,유통,v1,False,2026-05-15,2팩터시장모델,220,-0.003839218593561228,0.5610590156792687,0.47519873436965676,0.24849146700988034,0.03709943844559035,0.1415514478214384,0.18349559853446024,-0.15844628053475054,114840_2026Q1,
114840,아이패밀리에스씨,2026Q2,2026-08-13,정기보고서,유통,v1,False,2026-08-13,2팩터시장모델,220,-0.003222855604667691,0.6712102362037209,0.626140308983809,0.380256176792113,-0.032644978186861996,-0.05832133375096996,,0.06672596986735171,114840_2026Q2,
161890,한국콜마,2022Q3,2022-11-11,잠정실적,ODM,v1,False,2022-11-11,2팩터시장모델,220,0.0013218961608518535,1.1773552206413314,0.8252384214445397,0.547890836817582,0.025336094109151865,0.01256534801809802,-0.008765281131047964,-0.04439885100831076,161890_2022Q3,
161890,한국콜마,2022Q4,2023-02-27,잠정실적,ODM,v1,False,2023-02-27,2팩터시장모델,220,0.0006270558931443673,1.1226472179804041,0.8954102690653939,0.5799470820415062,-0.03679793421442784,-0.03661308934211071,-0.01897657975462648,-0.05417300873937185,161890_2022Q4,
161890,한국콜마,2023Q1,2023-05-12,잠정실적,ODM,v1,False,2023-05-12,2팩터시장모델,220,0.0004112679141313382,1.0332082824667574,0.8304697049101027,0.5508476887338455,-0.10537579176134775,-0.11388829153267269,-0.11020558954438138,-0.12965062435178112,161890_2023Q1,
161890,한국콜마,2023Q2,2023-08-11,잠정실적,ODM,v1,False,2023-08-11,2팩터시장모델,220,0.0007239646313874938,1.01073037844217,0.709226109438769,0.5047408855771958,0.05936863603511991,0.06831920016339824,-0.04355653693070807,0.0744724128294395,161890_2023Q2,
161890,한국콜마,2023Q3,2023-11-10,잠정실적,ODM,v1,False,2023-11-10,2팩터시장모델,220,0.001614459171943889,0.6252414374702248,0.6719853258481493,0.39159713315177425,-0.12462743910597174,-0.16475211209327761,0.010928774886437478,0.10716814514458779,161890_2023Q3,
161890,한국콜마,2023Q4,2024-02-08,잠정실적,ODM,v1,False,2024-02-08,2팩터시장모델,220,0.0009920521225455564,0.31091124633180744,0.6597405597581538,0.31048386504302306,0.001845683923827922,-8.147135396876018e-05,-0.04572168900024987,-0.08040158658576313,161890_2023Q4,
161890,한국콜마,2024Q1,2024-05-10,잠정실적,ODM,v1,False,2024-05-10,2팩터시장모델,220,0.0007805375637332469,0.1075346974610473,0.5754000122578218,0.26267507669880863,0.03434899667536547,0.005811163950032637,0.0748315099213311,-0.11935315272813633,161890_2024Q1,
161890,한국콜마,2024Q2,2024-08-09,잠정실적,ODM,v1,False,2024-08-09,2팩터시장모델,220,0.0021264569435261184,0.12387334372350645,0.7052039155899583,0.3562377229844662,0.09139120821112894,0.07423876063094574,0.19227449646992306,0.06827659104956829,161890_2024Q2,
161890,한국콜마,2024Q3,2024-11-08,잠정실적,ODM,v1,False,2024-11-08,2팩터시장모델,220,0.0014898703522020092,0.5197473923084103,0.7902839644698897,0.4143252002163593,-0.07002807287122767,-0.07409308281619897,-0.11538293264142988,-0.014696690631145606,161890_2024Q3,
161890,한국콜마,2024Q4,2025-02-11,잠정실적,ODM,v1,False,2025-02-11,2팩터시장모델,220,0.0005821337932493602,0.7698153102763291,0.7607972105146612,0.48115028084817246,-0.010805126049699899,-0.06910245128808878,0.06477757329605183,0.05810615701990484,161890_2024Q4,
161890,한국콜마,2025Q1,2025-05-09,잠정실적,ODM,v1,False,2025-05-09,2팩터시장모델,220,0.0017364933181576669,0.8453593718090624,0.7791269851262504,0.4826356208025212,0.042331453835550814,0.058569522742123986,0.002177656598259581,0.021138390473112837,161890_2025Q1,
161890,한국콜마,2025Q2,2025-08-08,잠정실적,ODM,v1,False,2025-08-08,2팩터시장모델,220,0.0013015520219110549,0.844618802983495,0.7396038399381473,0.5147702224140845,-0.1901389299360517,-0.1883843896924419,-0.24477737994174034,-0.11813390415212274,161890_2025Q2,
161890,한국콜마,2025Q3,2025-11-07,잠정실적,ODM,v1,False,2025-11-07,2팩터시장모델,220,7.134245587586392e-05,0.8105130316452354,0.7150791274524633,0.4517609321370595,-0.11274369946662975,-0.11357680331894991,-0.07930235759850092,0.01763800467788702,161890_2025Q3,
161890,한국콜마,2025Q4,2026-02-25,잠정실적,ODM,v1,False,2026-02-25,2팩터시장모델,220,-0.0004888853190043372,0.40472152749747936,0.7138775484759687,0.3757520145072978,0.06556143428896186,0.08175774737556586,0.203735426029052,0.04882294666658878,161890_2025Q4,
161890,한국콜마,2026Q1,2026-05-08,잠정실적,ODM,v1,False,2026-05-08,2팩터시장모델,220,-0.0015289272993022896,0.5376595762739187,0.7197680986553261,0.46237293721426886,0.12607294079666734,0.1465986245774325,0.062778956531518,0.020006597719176275,161890_2026Q1,
161890,한국콜마,2026Q2,2026-08-12,잠정실적,ODM,v1,False,2026-08-12,2팩터시장모델,220,-0.001326153020932648,0.38261216550714217,0.80181545262449,0.515255787133551,0.22870234290365513,0.23314706630816628,,-0.20218981018497212,161890_2026Q2,
192820,코스맥스,2022Q3,2022-11-14,정기보고서,ODM,v1,False,2022-11-14,2팩터시장모델,220,-0.0015268228449246979,1.2909035787855774,0.9562760194685818,0.46307363331364293,0.08457624014381748,0.13304524373819537,0.19859624959631814,0.07892162096563027,192820_2022Q3,
192820,코스맥스,2022Q4,2023-03-22,정기보고서,ODM,v1,False,2023-03-22,2팩터시장모델,220,0.0008310557385110098,1.1151008453698752,0.9868810487665856,0.46412531575158955,-0.020318088760051877,-0.036379581712154135,-0.09827368933309531,-0.02436969938098668,192820_2022Q4,
192820,코스맥스,2023Q1,2023-05-12,잠정실적,ODM,v1,False,2023-05-12,2팩터시장모델,220,0.0007946021545240896,1.0292401098864088,0.9912083057269307,0.4205930098602515,0.013034204729267352,0.02298689226505286,-0.04459211145369668,-0.08831438801261429,192820_2023Q1,
192820,코스맥스,2023Q2,2023-08-10,잠정실적,ODM,v1,False,2023-08-10,2팩터시장모델,220,0.0016087627800960985,1.0622556738142708,0.9294147244116462,0.422071785435559,0.21222091720121658,0.29266254365375943,0.259999051145016,0.07898310123422125,192820_2023Q2,
192820,코스맥스,2023Q3,2023-11-13,잠정실적,ODM,v1,False,2023-11-13,2팩터시장모델,220,0.004445678821535257,0.6089982110954995,0.9312888020905683,0.3612809678149731,-0.06320330045833307,-0.108154977149573,-0.053820648916254245,0.044704706724665734,192820_2023Q3,
192820,코스맥스,2023Q4,2024-03-20,정기보고서,ODM,v1,False,2024-03-20,2팩터시장모델,220,0.002043466532844107,0.05036464582832262,0.8006972966438233,0.29289881356092806,0.050920405568559146,0.0458161709634354,0.11543776916277268,-0.02314487696663532,192820_2023Q4,
192820,코스맥스,2024Q1,2024-05-13,잠정실적,ODM,v1,False,2024-05-13,2팩터시장모델,220,0.0021688256610214013,0.10425577468802938,0.7814252807365004,0.2884456863938183,0.07354590949770341,0.09935380325003793,-0.05655931416468983,-0.05602569204671131,192820_2024Q1,
192820,코스맥스,2024Q2,2024-08-12,잠정실적,ODM,v1,False,2024-08-12,2팩터시장모델,220,0.003302843591726761,0.08373665654316251,0.7779254919161804,0.32814572022363353,-0.0658239576183513,-0.04613038544808599,-0.04900760459601417,-0.2778673044602385,192820_2024Q2,
192820,코스맥스,2024Q3,2024-11-11,잠정실적,ODM,v1,False,2024-11-11,2팩터시장모델,220,-0.0003267143845045407,0.47663846273806115,0.7626246258907973,0.36096171559410994,-0.06235566537622567,0.010117282020194926,0.05941783633289589,0.21770586564415867,192820_2024Q3,
192820,코스맥스,2024Q4,2025-03-19,정기보고서,ODM,v1,False,2025-03-19,2팩터시장모델,220,0.0026697103664436303,0.7627571306092344,0.8671976705250306,0.4142127165437768,-0.01417625894486527,-0.0330810036331803,-0.12674292879592258,0.14334292989231553,192820_2024Q4,
192820,코스맥스,2025Q1,2025-05-13,잠정실적,ODM,v1,False,2025-05-13,2팩터시장모델,220,0.0018326607169763661,0.7745058732759331,0.8629770485053784,0.3820099633275976,0.10197434664479513,0.0577788203714097,0.08838040397823003,0.04962021402420103,192820_2025Q1,
192820,코스맥스,2025Q2,2025-08-11,잠정실적,ODM,v1,False,2025-08-11,2팩터시장모델,220,0.002800422253857184,0.9211954068056307,0.9170170631839887,0.4015377997314985,-0.19386419320501252,-0.216590924785448,-0.1659400132898479,-0.02668791239321807,192820_2025Q2,
192820,코스맥스,2025Q3,2025-11-10,잠정실적,ODM,v1,False,2025-11-10,2팩터시장모델,220,0.0016266788005155927,1.0345544948164918,0.9378128961854933,0.41954189687135623,-0.18105760498343015,-0.17735406729274733,-0.16340079920504297,-0.014300540854283674,192820_2025Q3,
192820,코스맥스,2025Q4,2026-03-18,정기보고서,ODM,v1,False,2026-03-18,2팩터시장모델,220,-0.0012670237238719812,0.6360385425489576,0.9314575465929875,0.3652167196605095,0.020477062292655137,0.09998767423923097,0.06312005762877837,-0.0037098766266438765,192820_2025Q4,
192820,코스맥스,2026Q1,2026-05-12,잠정실적,ODM,v1,False,2026-05-12,2팩터시장모델,220,-0.0008941207391298774,0.5023986518298273,0.9190002108885779,0.3629680206849599,-0.09142792966835347,-0.09898102853767499,-0.10642822641412335,0.04499862442560072,192820_2026Q1,
192820,코스맥스,2026Q2,2026-08-11,잠정실적,ODM,v1,False,2026-08-11,2팩터시장모델,220,-0.003271671079520861,0.3184173152952092,0.9950276701742361,0.4081779423935936,0.12717224178310596,0.1608057812563143,,0.06252585225732421,192820_2026Q2,
214450,파마리서치,2022Q3,2022-11-14,정기보고서,메디컬,v2,False,2022-11-14,2팩터시장모델,220,-0.0003613759249189933,0.8742428555337856,0.20400433126901135,0.4397390738862659,-0.027775849840572252,0.03258567097410271,0.0464919737674031,0.01641439492781052,214450_2022Q3,
214450,파마리서치,2022Q4,2023-02-15,잠정실적,메디컬,v2,False,2023-02-15,2팩터시장모델,220,0.0007405286159132283,0.9379648239107489,0.12260492811020807,0.4868702200713654,0.009236409213145174,-0.019295240520741115,-0.05759361223705703,0.024591583941007508,214450_2022Q4,
214450,파마리서치,2023Q1,2023-05-15,정기보고서,메디컬,v2,False,2023-05-15,2팩터시장모델,220,-0.0006885619807957647,0.9188041467986539,0.07991875059051066,0.43270034370897026,0.16173741461878596,0.14269221495143466,0.2912703208845879,0.14974471663174638,214450_2023Q1,
214450,파마리서치,2023Q2,2023-08-11,정기보고서,메디컬,v2,False,2023-08-11,2팩터시장모델,220,0.003302467630942227,0.9120554157178304,0.15625162167068435,0.2934933851259851,-0.04982993209234403,-0.08996815490611973,-0.24969992368840527,0.06563462681627392,214450_2023Q2,
214450,파마리서치,2023Q3,2023-11-14,정기보고서,메디컬,v2,False,2023-11-14,2팩터시장모델,220,0.0026200981956900704,0.7353611613386573,0.3325795304475563,0.18374438632260293,-0.040884891243860244,-0.08496957280770406,-0.15833173903028416,0.018799997128318285,214450_2023Q3,
214450,파마리서치,2023Q4,2024-02-08,잠정실적,메디컬,v2,False,2024-02-08,2팩터시장모델,220,0.0015287602697699096,0.7112698985527193,0.38243436532007846,0.20620355734021534,-0.04407598222690522,-0.11947283125202754,-0.1365878500623804,-0.14128332355325451,214450_2023Q4,
214450,파마리서치,2024Q1,2024-05-10,잠정실적,메디컬,v2,False,2024-05-10,2팩터시장모델,220,-8.717304524885443e-06,0.6875070499141104,0.4748513648573364,0.22360234723146277,-0.029796617473070386,-0.048932133145408,-0.1914658202510527,0.17957613792219665,214450_2024Q1,
214450,파마리서치,2024Q2,2024-08-07,잠정실적,메디컬,v2,False,2024-08-07,2팩터시장모델,220,0.0013913282384944584,0.6034542856124976,0.432603149380038,0.15853814018109746,0.18182498736286018,0.246261316336833,0.24760606904532872,0.11578453423815563,214450_2024Q2,
214450,파마리서치,2024Q3,2024-11-13,잠정실적,메디컬,v2,False,2024-11-13,2팩터시장모델,220,0.002670551489074929,0.7183312619815176,0.3769536245585576,0.16577575217707663,0.01004604261239337,-0.040086013841040394,0.06299454002423677,0.028984150962228155,214450_2024Q3,
214450,파마리서치,2024Q4,2025-02-10,잠정실적,메디컬,v2,False,2025-02-10,2팩터시장모델,220,0.004902236000864648,0.8551632260053137,0.3127263458201355,0.18034037926777802,0.06033166810938822,0.03429524141685659,0.12087020004334346,-0.05400621806881751,214450_2024Q4,
214450,파마리서치,2025Q1,2025-05-13,잠정실적,메디컬,v2,False,2025-05-13,2팩터시장모델,220,0.00620515741382695,0.8954210562981078,0.2729186148033241,0.18921999863489192,0.036406988363016875,0.07850667837138967,0.05999222757340171,-0.03314747408508563,214450_2025Q1,
214450,파마리서치,2025Q2,2025-08-08,잠정실적,메디컬,v2,False,2025-08-08,2팩터시장모델,220,0.006393420898266017,0.9957371401548643,0.31829519058144967,0.24829571305332687,0.12304149724137478,0.10059320313028418,0.005550580844284836,-0.05813643217583732,214450_2025Q2,
214450,파마리서치,2025Q3,2025-11-11,잠정실적,메디컬,v2,False,2025-11-11,2팩터시장모델,220,0.004174297425413658,0.9719061285618448,0.46372565254889553,0.21250304689012212,-0.1334512837285755,-0.08169406222663683,-0.29997507985580985,-0.17201174198558553,214450_2025Q3,
214450,파마리서치,2025Q4,2026-02-04,잠정실적,메디컬,v2,False,2026-02-04,2팩터시장모델,220,0.0016045749104078417,0.9796124700399567,0.6428149926869959,0.21188035915281656,-0.24226109378793798,-0.2520911461371741,-0.25101465015019336,-0.14668925143267983,214450_2025Q4,
214450,파마리서치,2026Q1,2026-05-08,잠정실적,메디컬,v2,False,2026-05-08,2팩터시장모델,220,-0.0019901973882181815,0.9830465392432614,0.5813022569521973,0.27617342229309505,-0.031347821052251035,0.059662407224291905,0.08629286943604829,0.034869024188806025,214450_2026Q1,
214450,파마리서치,2026Q2,2026-08-07,잠정실적,메디컬,v2,False,2026-08-07,2팩터시장모델,220,-0.0025303422137909056,0.9125403584681218,0.5066435680977149,0.3513447615167735,-0.0034977392085570047,-0.08183105647025758,,0.18676093132358237,214450_2026Q2,
237880,클리오,2022Q3,2022-11-11,잠정실적,브랜드,v1,False,2022-11-11,2팩터시장모델,220,0.0004201186168057301,0.919600794953011,1.0519504121401506,0.4679001874047807,0.052839654756533704,0.0020967499561142227,0.03042305879019282,-0.13001671996210798,237880_2022Q3,
237880,클리오,2022Q4,2023-02-23,잠정실적,브랜드,v1,False,2023-02-23,2팩터시장모델,220,1.8169120030894466e-05,0.9708729811123723,0.9260348388943754,0.47684175241591886,0.02952533090027886,0.07352372231146245,0.24398934688615206,0.009508824353517015,237880_2022Q4,
237880,클리오,2023Q1,2023-05-09,잠정실적,브랜드,v1,False,2023-05-09,2팩터시장모델,220,0.0008691883090722386,1.0062619043115135,0.7395573462527989,0.48635997079024507,-0.046479364221238294,-0.11524540171024512,-0.21230532105456373,-0.11644318223168565,237880_2023Q1,
237880,클리오,2023Q2,2023-08-07,잠정실적,브랜드,v1,False,2023-08-07,2팩터시장모델,220,0.001557442334369294,0.9673734825876321,0.6891568443123073,0.41322917151035865,0.021549084066186164,0.11650827199706408,0.21894180650422335,-0.16990108691045774,237880_2023Q2,
237880,클리오,2023Q3,2023-11-08,잠정실적,브랜드,v1,False,2023-11-08,2팩터시장모델,220,0.003247879830126867,0.633165339920006,0.928875476659554,0.35005173830424063,0.08247068761884584,0.07607571231128796,0.060901138305471614,0.03340056474191833,237880_2023Q3,
237880,클리오,2023Q4,2024-02-15,잠정실적,브랜드,v1,False,2024-02-15,2팩터시장모델,220,0.0027995832440663136,0.2895100022871948,0.9062606939264723,0.2746561547137826,-0.029686498751191656,-0.027024700058306185,-0.06166105767153035,0.011077260124449859,237880_2023Q4,
237880,클리오,2024Q1,2024-05-10,잠정실적,브랜드,v1,False,2024-05-10,2팩터시장모델,220,0.0017279036289492764,0.10497442509922095,0.9227150827737634,0.2799115818011574,-0.03607572580840705,-0.07254244514017771,-0.09695018480028139,0.030477782608406175,237880_2024Q1,
237880,클리오,2024Q2,2024-08-08,잠정실적,브랜드,v1,False,2024-08-08,2팩터시장모델,220,0.004090205733274796,0.17847534787395727,0.961482817124127,0.31887095124695575,-0.0455502427739501,-0.04842025880407242,-0.11432167828693905,-0.03367562947975542,237880_2024Q2,
237880,클리오,2024Q3,2024-11-08,잠정실적,브랜드,v1,False,2024-11-08,2팩터시장모델,220,0.0009318573063006774,0.4714918284078324,0.8161864817893058,0.37740996305558816,-0.10289610079480811,-0.08399409858040531,-0.08655119620298393,-0.20844131191745624,237880_2024Q3,
237880,클리오,2024Q4,2025-02-21,잠정실적,브랜드,v1,False,2025-02-21,2팩터시장모델,220,-0.0011805177007123899,0.8978211089070078,0.7160933668527438,0.4504110891356107,-0.08653653563725593,-0.04116843150985183,0.13299897852693437,0.14916699923253482,237880_2024Q4,
237880,클리오,2025Q1,2025-05-14,잠정실적,브랜드,v1,False,2025-05-14,2팩터시장모델,220,-0.001169204925062183,0.8771594318932243,0.6355791655752066,0.41343977907113394,-0.14567788067610044,-0.1555493274529056,-0.18233341605876963,-0.0707294367600347,237880_2025Q1,
237880,클리오,2025Q2,2025-08-13,잠정실적,브랜드,v1,False,2025-08-13,2팩터시장모델,220,-0.00318805701958118,0.979531827670438,0.5703136317207531,0.43886608115626213,-0.026897208385338395,-0.02679409022154831,-0.0025843280969801595,0.04449656608255692,237880_2025Q2,
237880,클리오,2025Q3,2025-11-13,잠정실적,브랜드,v1,False,2025-11-13,2팩터시장모델,220,-0.0024284793582119595,1.0318300003962682,0.4632585458872829,0.3972408375676145,-0.013103435963203498,-0.003999778931016147,0.020655202157969232,0.07220430837522021,237880_2025Q3,
237880,클리오,2025Q4,2026-02-13,잠정실적,브랜드,v1,False,2026-02-13,2팩터시장모델,220,-0.0021799525999172285,0.6980531588895107,0.3855807746939645,0.2797028844883177,-0.011182084538437883,-0.0034767765608553977,-0.06418465899545006,-0.03792981245760614,237880_2025Q4,
237880,클리오,2026Q1,2026-05-11,잠정실적,브랜드,v1,False,2026-05-11,2팩터시장모델,220,-0.0030547913946757047,0.6032565971437616,0.38918834320176726,0.4770277203639788,-0.002671800701482187,0.010395798381638215,-0.01816112277622494,0.07598130158244928,237880_2026Q1,
237880,클리오,2026Q2,2026-08-13,잠정실적,브랜드,v1,False,2026-08-13,2팩터시장모델,220,-0.002182333988828196,0.5532324494628622,0.4300557673183104,0.5476415844566844,0.1990710474007133,0.1333824753899704,,0.038785070091994965,237880_2026Q2,
241710,코스메카코리아,2022Q3,2022-11-04,잠정실적,ODM,v1,False,2022-11-04,2팩터시장모델,220,-0.0009088607842437602,0.8640254789391666,0.8677464560151857,0.5296983068307671,-0.015420987571768734,0.19893002212724126,0.1391867646620444,-0.12875782393608645,241710_2022Q3,
241710,코스메카코리아,2022Q4,2023-02-23,잠정실적,ODM,v1,False,2023-02-23,2팩터시장모델,220,-0.00028193428044457014,1.0188471566500552,0.8971489853394213,0.3977514347348726,-0.024605936108233716,0.009741686813057763,-0.040912073588780726,-0.05773722681301781,241710_2022Q4,
241710,코스메카코리아,2023Q1,2023-05-09,잠정실적,ODM,v1,False,2023-05-09,2팩터시장모델,220,-0.0013180490013988745,1.0615516731726404,0.7988651810157582,0.3955780135273955,0.26486542194194185,0.4816705813565991,0.5635925197526654,0.07835022663535733,241710_2023Q1,
241710,코스메카코리아,2023Q2,2023-08-09,잠정실적,ODM,v1,False,2023-08-09,2팩터시장모델,220,0.004253801987851674,0.8335076536678059,1.4621861803387382,0.32214679610614905,-0.2362555796603923,-0.2777917830675856,-0.404278210823187,0.044696908767195856,241710_2023Q2,
241710,코스메카코리아,2023Q3,2023-11-06,잠정실적,ODM,v1,False,2023-11-06,2팩터시장모델,220,0.006899346803158143,0.434196580410104,1.0920411901816638,0.20355171950108086,0.10583984500412054,0.11652953983011265,0.09659322894880772,0.20873068240362075,241710_2023Q3,
241710,코스메카코리아,2023Q4,2024-02-23,잠정실적,ODM,v1,False,2024-02-23,2팩터시장모델,220,0.007193305516320194,0.15797726981477536,1.1748841797897809,0.23124544917551249,-0.04814229583667885,-0.08208209282801829,-0.3288599580049806,0.017236931705243926,241710_2023Q4,
241710,코스메카코리아,2024Q1,2024-05-10,잠정실적,ODM,v1,False,2024-05-10,2팩터시장모델,220,0.006509982460985938,-0.04840100559807519,1.0496847563860519,0.19250952161210788,-0.10216197276933685,-0.13867729934149758,0.027871248754374113,-0.08627024206911348,241710_2024Q1,
241710,코스메카코리아,2024Q2,2024-08-12,잠정실적,ODM,v1,False,2024-08-12,2팩터시장모델,220,0.0060287541140230366,0.042357661735738746,0.947822340105194,0.25444705696442704,0.04522561399100492,0.10191886212037148,0.11833410979776929,-0.12242982476373514,241710_2024Q2,
241710,코스메카코리아,2024Q3,2024-11-08,잠정실적,ODM,v1,False,2024-11-08,2팩터시장모델,220,0.005117777523959541,0.3752312496153031,1.0242139521686469,0.3578126484787387,-0.0627099646304386,-0.12690783323608062,-0.38814214571054495,-0.029119135906771964,241710_2024Q3,
241710,코스메카코리아,2024Q4,2025-02-21,잠정실적,ODM,v1,False,2025-02-21,2팩터시장모델,220,0.0027167891164078094,0.7794963135497712,0.9743389673215134,0.4156613623936092,-0.08381265923735626,-0.13485339696916437,-0.06681366653600203,-0.12634147441587185,241710_2024Q4,
241710,코스메카코리아,2025Q1,2025-05-12,잠정실적,ODM,v1,False,2025-05-12,2팩터시장모델,220,0.0021865917221341635,0.8016644688748555,1.007633500952707,0.43119880624512774,-0.03925850721052245,-0.0912682864422217,0.04574351790326104,-0.14304805913927116,241710_2025Q1,
241710,코스메카코리아,2025Q2,2025-08-11,잠정실적,ODM,v1,False,2025-08-11,2팩터시장모델,220,-0.0007271117475924369,0.9156968787042021,1.052303215543418,0.4383947390065892,0.02299113965997005,0.012302429524862556,0.09578269595948259,-0.0012686834500924768,241710_2025Q2,
241710,코스메카코리아,2025Q3,2025-11-06,잠정실적,ODM,v1,False,2025-11-06,2팩터시장모델,220,-0.0007656078323491232,1.0045644637629043,1.1089536053645834,0.45974318758352195,0.16964685923464745,0.14950219069685095,0.1311209922694448,0.09867437745168185,241710_2025Q3,
241710,코스메카코리아,2025Q4,2026-02-20,잠정실적,ODM,v1,False,2026-02-20,2팩터시장모델,220,0.0012735886816453658,0.725433753083089,1.1967994505729793,0.405601940312432,-0.14894291639536675,-0.11154857512785478,-0.11958032256231571,0.29332216815051726,241710_2025Q4,
241710,코스메카코리아,2026Q1,2026-05-08,잠정실적,ODM,v1,False,2026-05-08,2팩터시장모델,220,0.0021274172585765746,0.48268063843179565,1.1644118232648448,0.3652045022521485,0.0892418544158369,0.12572243710711958,-0.01821629896399178,-0.1275939015163543,241710_2026Q1,
241710,코스메카코리아,2026Q2,2026-08-10,잠정실적,ODM,v1,False,2026-08-10,2팩터시장모델,220,4.71416346600063e-05,0.48187080930064985,1.1695165156150502,0.3786309548776642,0.09620067955968084,0.19410473241155812,,-0.03399901949544605,241710_2026Q2,
257720,실리콘투,2022Q3,2022-11-08,정기보고서,유통,v1,False,2022-11-08,2팩터시장모델,220,0.0006364375437413901,1.005592379948097,0.26766880815035016,0.08371010331608864,-0.019047287322203958,-0.029883748151772343,-0.051832658153790914,0.21099952572741704,257720_2022Q3,
257720,실리콘투,2022Q4,2023-03-22,정기보고서,유통,v1,False,2023-03-22,2팩터시장모델,220,0.0033648330125896388,1.232696066741502,0.306497525156889,0.09842625790591786,-0.07115670177455571,-0.06819934999445519,-0.1421071375383206,-0.012526833642730592,257720_2022Q4,
257720,실리콘투,2023Q1,2023-05-09,정기보고서,유통,v1,False,2023-05-09,2팩터시장모델,220,0.0027433792230289423,1.2331506896807962,0.34050485045825074,0.09957148890287282,0.41502713330570007,0.4801606155489569,0.5345871574391617,-0.013096585788654172,257720_2023Q1,
257720,실리콘투,2023Q2,2023-08-11,정기보고서,유통,v1,False,2023-08-11,2팩터시장모델,220,0.005448600730880366,1.0746877025765793,0.8721533196894327,0.16190574743821895,-0.012641732460249223,-0.04757467354347672,-0.13397715783624212,-0.048061105992452086,257720_2023Q2,
257720,실리콘투,2023Q3,2023-11-14,정기보고서,유통,v1,False,2023-11-14,2팩터시장모델,220,0.00663013039353002,0.7799741494451764,0.9113160045122378,0.15087579926117456,0.04750374742100239,0.09454090725571473,-0.05271894574180797,-0.18033876577158428,257720_2023Q3,
257720,실리콘투,2023Q4,2024-02-20,잠정실적,유통,v1,False,2024-02-20,2팩터시장모델,220,0.00471958780973812,0.6293266051052688,0.8848703220265546,0.1543197293841072,0.2517947454094017,0.14317013562472858,0.3154521135428825,-0.15972864461858233,257720_2023Q4,
257720,실리콘투,2024Q1,2024-05-09,정기보고서,유통,v1,False,2024-05-09,2팩터시장모델,220,0.0067973964352337785,0.5642512287534098,1.0028389628418677,0.164333807381282,0.4806232666650705,0.5870644676166481,0.8465810106972843,0.04907695324781004,257720_2024Q1,
257720,실리콘투,2024Q2,2024-08-13,정기보고서,유통,v1,False,2024-08-13,2팩터시장모델,220,0.009367475554654593,0.7078040595838652,1.1611520233720212,0.22611187980866443,-0.062382871881688735,-0.0569964805988266,-0.18215627703568887,0.05762183372091168,257720_2024Q2,
257720,실리콘투,2024Q3,2024-11-14,정기보고서,유통,v1,False,2024-11-14,2팩터시장모델,220,0.009127664201527129,1.0751682786753705,1.4257061740520243,0.3519002802153387,-0.23664400151488926,-0.27628568771438944,-0.44430219505622887,0.022218263355699718,257720_2024Q3,
257720,실리콘투,2024Q4,2025-02-25,잠정실적,유통,v1,False,2025-02-25,2팩터시장모델,220,0.009077502428001157,1.5107067945335348,1.4965717167943615,0.4253224758415528,-0.2794219949913557,-0.3612557963873666,-0.438231314249791,-0.03523550598394887,257720_2024Q4,
257720,실리콘투,2025Q1,2025-05-12,정기보고서,유통,v1,False,2025-05-12,2팩터시장모델,220,0.005952692797015298,1.3971519928842278,1.4213788993472627,0.3886471166514063,-0.07564766132331746,-0.10675279323044964,0.13378088002041608,0.09777230919447745,257720_2025Q1,
257720,실리콘투,2025Q2,2025-08-11,잠정실적,유통,v1,False,2025-08-11,2팩터시장모델,220,0.002572382695588925,1.4779692122061583,1.2947645906150815,0.4297635941028827,-0.09269186822981301,-0.05746699691692855,-0.1860052017512131,-0.1048791660650579,257720_2025Q2,
257720,실리콘투,2025Q3,2025-11-10,잠정실적,유통,v1,False,2025-11-10,2팩터시장모델,220,0.0010750205293230501,1.3430210355607075,1.2822001895608022,0.3611314757556292,0.10510854801892051,0.1847746322708533,0.10706205656708445,-0.04085295217022006,257720_2025Q3,
257720,실리콘투,2025Q4,2026-02-26,잠정실적,유통,v1,False,2026-02-26,2팩터시장모델,220,0.001492093567821443,0.9069516977006717,1.198172246920744,0.3035163218552712,0.00428021938133466,0.024492441314875553,-0.0747934116347641,-0.16330140635092577,257720_2025Q4,
257720,실리콘투,2026Q1,2026-05-12,잠정실적,유통,v1,False,2026-05-12,2팩터시장모델,220,-0.0006033241612188175,0.7087030451165404,1.2746339975117302,0.4041300514486422,-0.04489562918252177,0.001728235989539334,-0.04989112080983368,-0.08930635652566214,257720_2026Q1,
257720,실리콘투,2026Q2,2026-08-12,잠정실적,유통,v1,False,2026-08-12,2팩터시장모델,220,-0.0019490816211165448,0.5967813796279509,1.0388236201697498,0.4011848807930235,-0.004494953165412832,0.10818872246504604,,-0.08012346831446301,257720_2026Q2,
278470,에이피알,2023Q4,2024-03-21,정기보고서,브랜드,v1,True,2024-03-21,2팩터시장모델,588,0.0028470297876573075,0.4595655712941672,0.80036684782633,0.25780280819284596,-0.004287031850589261,-0.051339759831095726,-0.24903657483944805,,278470_2023Q4,
278470,에이피알,2024Q1,2024-05-02,잠정실적,브랜드,v1,True,2024-05-02,시장조정모델,13,,1.0,,,0.051027136763005604,0.17800962587706398,0.2548992231356871,0.16142856401106118,278470_2024Q1,
278470,에이피알,2024Q2,2024-07-31,잠정실적,브랜드,v1,True,2024-07-31,2팩터시장모델,74,0.003830040472061436,-0.10031165291726493,0.5137859239127291,0.0703864147537625,-0.1270433100733645,-0.19713224378317906,0.012417423452820677,-0.25150407944504366,278470_2024Q2,
278470,에이피알,2024Q3,2024-11-06,잠정실적,브랜드,v1,False,2024-11-06,2팩터시장모델,137,0.0002308887897432896,0.5908293681633288,0.7115732407563744,0.17825014449010101,0.05480108465773799,-0.0001052987420321859,0.23719980490497805,0.012875349856840239,278470_2024Q3,
278470,에이피알,2024Q4,2025-02-10,잠정실적,브랜드,v1,False,2025-02-10,2팩터시장모델,198,5.2305215575008685e-05,0.8387333442766728,0.6475444908711592,0.20075444481052518,0.0532505286220718,0.1170604764533808,0.3404288720106605,-0.0757703000768718,278470_2024Q4,
278470,에이피알,2025Q1,2025-05-08,잠정실적,브랜드,v1,False,2025-05-08,2팩터시장모델,220,0.0022988519726757648,1.0518072911667975,0.7110760854384768,0.27621086158066577,0.28469950407589817,0.3776182273373026,0.38568096093636606,0.08013781344525345,278470_2025Q1,
278470,에이피알,2025Q2,2025-08-06,잠정실적,브랜드,v1,False,2025-08-06,2팩터시장모델,220,0.004322685295857848,1.0643865867037354,0.6817588652281265,0.25917868167397917,0.11324603645754158,0.12548475306390297,0.09087247217744439,0.07980856607432832,278470_2025Q2,
278470,에이피알,2025Q3,2025-11-06,잠정실적,브랜드,v1,False,2025-11-06,2팩터시장모델,220,0.005777638289853687,1.0402685414429074,0.8513382786580106,0.280251679543134,-0.08822718125836118,-0.20102253321882244,-0.0998325530018516,-0.07539769349840819,278470_2025Q3,
278470,에이피알,2025Q4,2026-02-04,잠정실적,브랜드,v1,False,2026-02-04,2팩터시장모델,220,0.007060725407842137,0.4303561593035043,1.0736192428977798,0.27262851983695,0.035309993717978445,-0.006999961881632294,0.14164750425999967,-0.02258629471846811,278470_2025Q4,
278470,에이피알,2026Q1,2026-05-07,잠정실적,브랜드,v1,False,2026-05-07,2팩터시장모델,220,0.006195458891498395,0.4194598819816957,1.0680380609398081,0.29145540482901977,0.008330684128242491,-0.04402741981313208,-0.06874706015671914,-0.006261386665242093,278470_2026Q1,
278470,에이피알,2026Q2,2026-08-05,잠정실적,브랜드,v1,False,2026-08-05,2팩터시장모델,220,0.0022004776540456806,0.39615224413145356,0.9371637886183743,0.30158861154121774,-0.0047244897048951545,-0.10284738635171148,,-0.2090657799528264,278470_2026Q2,
483650,달바글로벌,2025Q2,2025-08-08,잠정실적,브랜드,v1,True,2025-08-08,시장조정모델,23,,1.0,,,-0.185961006339681,-0.2780024940312835,-0.3453654947854233,0.040950370061319095,483650_2025Q2,
483650,달바글로벌,2025Q3,2025-11-05,잠정실적,브랜드,v1,True,2025-11-05,2팩터시장모델,80,0.002185827813227261,1.2548510057675084,1.4404230401669764,0.32149812586256143,-0.157314471492354,-0.16841726193543852,-0.17002780375866333,-0.0004097131474536386,483650_2025Q3,
483650,달바글로벌,2025Q4,2026-02-20,잠정실적,브랜드,v1,False,2026-02-20,2팩터시장모델,151,0.0016581247242803624,0.3750158048744199,1.228381940147887,0.2679739755232339,0.02162555416169811,0.03344487830332754,-0.04935722563562128,-0.022837685643331298,483650_2025Q4,
483650,달바글로벌,2026Q1,2026-05-12,잠정실적,브랜드,v1,False,2026-05-12,2팩터시장모델,205,8.608671489517129e-05,0.5481735290400737,1.1322789056515676,0.3259432884856419,0.19939522351451294,0.1021836749923944,0.12721308921469382,0.09280061298408035,483650_2026Q1,
483650,달바글로벌,2026Q2,2026-08-13,잠정실적,브랜드,v1,False,2026-08-13,2팩터시장모델,220,-1.991547817055189e-05,0.3533400765933167,1.0020106631931824,0.3152338605009124,-0.12902487208419333,-0.19758131463062284,,0.016026773169620177,483650_2026Q2,
