종목코드,종목명,분기,발표일,정보출처,유형,포함버전,상장직후,거래일t0,모델,추정관측수,alpha,beta_시장,beta_섹터,R2,CAR_0_1,CAR_0_5,CAR_0_20,CAR_PRE,이벤트키,사유,매출액,영업이익,OPM,자산총계,매출YoY,OPM변화,추세이탈도,흑자전환,적자전환,적자지속,로그자산,기준,산출방식,잠정실적더미,분석표본
018290,브이티,2022Q3,2022-11-11,정기보고서,브랜드,v1,False,2022-11-11,2팩터시장모델,220,-0.0011806850347025,0.6969406148420156,0.2661954985288589,0.518530908482923,-0.0217820860030763,-0.0138269814126022,-0.0216959119904327,0.0338930978150153,018290_2022Q3,,53553796879.0,2655552956.0,0.0495866420451939,198642906047.0,0.12704113011760843,-0.0351093817613781,-0.09253344163807001,0,0,0,26.014774607756387,연결,직접,0,True
018290,브이티,2022Q4,2023-02-28,잠정실적,브랜드,v1,False,2023-02-28,2팩터시장모델,220,-0.0005779883733955,0.6333945622573482,0.1983920480899837,0.4301450205705087,0.0256959744482644,0.0204710850536791,0.1311709042991185,-0.0661476772590063,018290_2022Q4,,72156451822.0,7152186899.0,0.0991205459581557,220697040717.0,-0.13699389607283313,-0.015981379890812303,0.09088195320602775,0,0,0,26.12005674149664,연결,역산,1,True
018290,브이티,2023Q1,2023-05-15,정기보고서,브랜드,v1,False,2023-05-15,2팩터시장모델,220,-0.000168615620631,0.6629297767258424,0.2396931887030459,0.4054841608363422,0.0114304826523074,0.0033073634482229,0.1102543394298472,-0.0842166154201864,018290_2023Q1,,47886326320.0,617719011.0,0.0128996951420348,245744713745.0,-0.16437739852864916,-0.1309507242424761,-0.07811178576331429,0,0,0,26.227559085040397,연결,직접,0,True
018290,브이티,2023Q2,2023-08-11,정기보고서,브랜드,v1,False,2023-08-11,2팩터시장모델,220,0.0024074427795704,0.6353595575766935,0.2379669154406998,0.1903406475244556,0.0739690687385065,0.025376331801118,0.42750311297437,0.0558433479993634,018290_2023Q2,,74694470696.0,11716013172.0,0.1568524826915656,224612506873.0,0.3052793583190565,0.0607130345202572,0.13753341310644207,0,0,0,26.137642562798348,연결,직접,0,True
018290,브이티,2023Q3,2023-11-09,정기보고서,브랜드,v1,False,2023-11-09,2팩터시장모델,220,0.0057012008970913,0.5483158875065988,0.4559783917469119,0.1370805819194347,0.0131728823430152,0.0895227890238554,-0.2193080347311777,0.0289856335743352,018290_2023Q3,,84105922279.0,14377651343.0,0.1709469553797389,242952178866.0,0.5704941046295893,0.121360313334545,0.04376095099808423,0,0,0,26.2161304661302,연결,직접,0,True
018290,브이티,2023Q4,2024-02-26,잠정실적,브랜드,v1,False,2024-02-26,2팩터시장모델,220,0.0049741199341812,0.8756302160810021,0.5659199018510017,0.1976997493719697,-0.0660996692913823,-0.1396666595612865,-0.1462801523278528,-0.0314574847967825,018290_2023Q4,,88814664258.0,18835229927.0,0.2120734237342277,256624726190.0,0.23086241098846585,0.11295287777607199,0.024496691685731667,0,0,0,26.270880645319522,연결,역산,1,True
018290,브이티,2024Q1,2024-05-13,정기보고서,브랜드,v1,False,2024-05-13,2팩터시장모델,220,0.0051216512445362,0.9404627640587244,0.7839639829334973,0.2198485554868317,0.0014168189641939,0.0304426229054965,0.085923142406677,-0.024171128737145,018290_2024Q1,,101800273659.0,23964930578.0,0.235411258895779,298560858042.0,1.12587353180364,0.2225115637537442,-0.01719313172833764,0,0,0,26.422239628536147,연결,직접,0,True
018290,브이티,2024Q2,2024-08-12,정기보고서,브랜드,v1,False,2024-08-12,2팩터시장모델,220,0.0067569035672853,0.8755960855442453,1.051956818288758,0.2918450651727166,-0.125488978896359,-0.1733941731598594,-0.1260806907357109,0.269965354169994,018290_2024Q2,,113352649646.0,27022616665.0,0.2383942214795291,309314047680.0,0.5175507449183947,0.0815417387879635,-0.0044279713978235685,0,0,0,26.45762293325885,연결,직접,0,True
018290,브이티,2024Q3,2024-11-14,정기보고서,브랜드,v1,False,2024-11-14,2팩터시장모델,220,0.003449352495881,1.0215998971522984,1.1237823298493776,0.3576487927474562,0.0459899002028902,0.0558684693650427,0.3447547276330892,0.1496731899288285,018290_2024Q3,,104139979284.0,30833354335.0,0.2960760559680389,341922529353.0,0.2382003129166352,0.12512910058829999,-0.00943827677187768,0,0,0,26.557850025989303,연결,직접,0,True
018290,브이티,2024Q4,2025-02-26,잠정실적,브랜드,v1,False,2025-02-26,2팩터시장모델,220,0.0061057215990165,1.3571873509492112,1.308908242275486,0.4581951168000105,-0.0524462695552481,-0.1197634173577941,-0.2220432645662394,-0.0490304867404436,018290_2024Q4,,112403907372.0,29077758486.0,0.2586899260518351,359606110018.0,0.26560076887162465,0.04661650231760742,-0.05203813065538563,0,0,0,26.60827513055081,연결,역산,1,True
018290,브이티,2025Q1,2025-05-13,정기보고서,브랜드,v1,False,2025-05-13,2팩터시장모델,220,0.0040324404941369,1.3473090031322756,1.1852810633873243,0.4609638244130302,0.0184944512280397,0.0883121423122092,-0.1675833112648883,-0.0874195196561321,018290_2025Q1,,100449659941.0,29017313043.0,0.2888741789672914,370696203736.0,-0.01326728965900569,0.053462920071512404,-0.03479013591039148,0,0,0,26.63864870625217,연결,직접,0,True
018290,브이티,2025Q2,2025-08-12,정기보고서,브랜드,v1,False,2025-08-12,2팩터시장모델,220,0.0006675102593288,1.3056526384304294,1.2167226898896797,0.4941513857871734,0.0579746239665727,0.0492053720269934,-0.14405302196596,0.1135791253917509,018290_2025Q2,,111520825859.0,29066880443.0,0.2606408284650829,381274680579.0,-0.01616039671521381,0.022246606985553807,-0.00876969393803198,0,0,0,26.66678589871767,연결,직접,0,True
018290,브이티,2025Q3,2025-11-14,정기보고서,브랜드,v1,False,2025-11-14,2팩터시장모델,220,-0.0005125014006776,1.2077048596284683,0.959559864508702,0.383876537835509,-0.0642636962994374,-0.154837035078335,-0.1973644968904963,-0.0549406855022402,018290_2025Q3,,110219156432.0,12123907082.0,0.1099981842945774,339728376202.0,0.058375056244456165,-0.18607787167346146,-0.14548244818851253,0,0,0,26.551412241747595,연결,직접,0,True
018290,브이티,2025Q4,2026-02-26,잠정실적,브랜드,v1,False,2026-02-26,2팩터시장모델,220,-0.0034747147744138,0.8135820485884662,0.7172817769990716,0.3644627980685287,-0.0324053745050098,-0.0641778836415593,0.0007731793546391,0.0546814763657854,018290_2025Q4,,114994014199.0,12661114191.0,0.1101023760166301,353501351205.0,0.02304285400353618,-0.14858755003520502,0.004718907625582437,0,0,0,26.591153144637826,연결,역산,1,True
018290,브이티,2026Q1,2026-05-15,정기보고서,브랜드,v1,False,2026-05-15,2팩터시장모델,220,-0.0052393680715616,0.7590033973124591,0.7213082104415347,0.4737406990980682,0.0403368516437293,0.0618197522332058,0.0701479002811548,0.019769577770402,018290_2026Q1,,114290932582.0,17333482678.0,0.1516610485749934,368179337493.0,0.13779312592128032,-0.137213130392298,0.11478663417229093,0,0,0,26.631835986552595,연결,직접,0,True
018290,브이티,2026Q2,2026-08-13,정기보고서,브랜드,v1,False,2026-08-13,2팩터시장모델,220,-0.0054625090160459,0.8167316766633261,0.7573608411489795,0.5701619717150128,-0.110318657870976,-0.1194598727289843,,0.1174495234990009,018290_2026Q2,,131668235835.0,10678686238.0,0.0811029795476411,376321807368.0,0.1806605162830585,-0.1795378489174418,0.011757480277475517,0,0,0,26.653710484947432,연결,직접,0,True
090430,아모레퍼시픽,2022Q3,2022-10-31,잠정실적,브랜드,v1,False,2022-10-31,2팩터시장모델,220,-0.0008769416550405,0.989497917800538,0.6880494683084029,0.319490037197367,0.043567066007535,0.1296759879503207,0.2777255193489342,-0.1155383251636391,090430_2022Q3,,936411432151.0,18804243476.0,0.0200811767460008,5868503207596.0,-0.15558033547781658,-0.025313119715079404,-0.01655206647776236,1,0,0,29.400620727064954,연결,직접,1,True
090430,아모레퍼시픽,2022Q4,2023-02-01,잠정실적,브랜드,v1,False,2023-02-01,2팩터시장모델,220,0.000436390504512,1.0999754761919531,0.7195330023061127,0.3398463042922176,0.02060547402954,-0.0014282464459319,-0.0280395655829261,-0.0021762344958617,090430_2022Q4,,1087768761511.0,56957256391.0,0.0523615481583435,5801783178159.0,-0.17888634711249193,0.0330713271035535,0.05579554509378713,0,0,0,29.389186430739716,연결,역산,1,True
090430,아모레퍼시픽,2023Q1,2023-05-02,잠정실적,브랜드,v1,False,2023-05-02,2팩터시장모델,220,-0.000295798569169,1.1583635503671244,0.6875005323046279,0.3440324693294597,-0.0735272624809438,-0.1404071478608053,-0.3066263655046204,-0.1182875291950785,090430_2023Q1,,913697617945.0,64352596937.0,0.0704309562300661,5886596551237.0,-0.215730602917179,-0.0651846984880001,0.08426353680899555,0,0,0,29.403699111476925,연결,직접,1,True
090430,아모레퍼시픽,2023Q2,2023-07-26,잠정실적,브랜드,v1,False,2023-07-26,2팩터시장모델,220,-0.0013647682535304,1.168801021870313,0.7025541745663877,0.363802602218928,0.1238991463563641,0.1783053765420831,0.165422613005633,0.034418643062804,090430_2023Q2,,945384372586.0,5888759554.0,0.0062289580034964,5871946490650.0,-0.00035701501983798685,0.0268741285894401,-0.1022914747585411,0,0,0,29.401207294571517,연결,직접,1,True
090430,아모레퍼시픽,2023Q3,2023-10-31,잠정실적,브랜드,v1,False,2023-10-31,2팩터시장모델,220,0.0010135185129048,1.1282505492950134,0.6635025091659533,0.3244746671132784,0.1817787723760114,0.186634104843782,0.1652447812210762,0.0061025704071854,090430_2023Q3,,888832482657.0,17253435444.0,0.0194113466605361,5862654698333.0,-0.050809876791772984,-0.0006698300854646975,-0.012836503011673708,0,0,0,29.399623637128148,연결,직접,1,True
090430,아모레퍼시픽,2023Q4,2024-01-30,잠정실적,브랜드,v1,False,2024-01-30,2팩터시장모델,220,-0.0003739335309187,0.6292366711608599,0.4563000281733977,0.1784341618917528,-0.1245610321268519,-0.072754158185691,-0.1050706594271691,-0.0027625993419167,090430_2023Q4,,926049119969.0,20676465127.0,0.0223276116581074,5886510888702.0,-0.14867097425868175,-0.0300339365002361,0.03126969992959917,0,0,0,29.4036845592382,연결,역산,1,True
090430,아모레퍼시픽,2024Q1,2024-04-29,잠정실적,브랜드,v1,False,2024-04-29,2팩터시장모델,220,-0.0008073937028895,0.6616957477490925,0.4280756455539557,0.1597416281917397,0.0964997947719814,0.0603257679779426,0.1097036212833604,0.2374244365134801,090430_2024Q1,,911452525506.0,72675928942.0,0.0797363844064762,6004336874938.0,-0.0024571503689037122,0.0093054281764101,0.08288862277227044,0,0,0,29.423503136543133,연결,직접,1,True
090430,아모레퍼시픽,2024Q2,2024-08-06,잠정실적,브랜드,v1,False,2024-08-06,2팩터시장모델,220,0.0022560209420079,0.3523135924327714,0.4585498507212943,0.1573780256394158,-0.2664063779520161,-0.3297435048932293,-0.2627182362475356,0.2000391519119261,090430_2024Q2,,904751327724.0,4153760695.0,0.0045910523341803,6810769142910.0,-0.0429804490535977,-0.0016379056693161002,-0.08390816206313285,0,0,0,29.549526172870962,연결,직접,1,True
090430,아모레퍼시픽,2024Q3,2024-10-31,잠정실적,브랜드,v1,False,2024-10-31,2팩터시장모델,220,0.0016475566997371,0.387460978893295,0.5084306684682288,0.1410745269309519,0.017723814316769,0.0327828465044378,-0.0152328375361994,-0.1887903784715271,090430_2024Q3,,977207865626.0,65170990869.0,0.0666910215947263,6716788694124.0,0.09942861528284629,0.0472796749341902,0.0340828032566686,0,0,0,29.53563128334775,연결,직접,1,True
090430,아모레퍼시픽,2024Q4,2025-02-06,잠정실적,브랜드,v1,False,2025-02-06,2팩터시장모델,220,-0.0001862141952902,0.524530656201756,0.5803439565212758,0.2152177797273158,-0.0400830546474863,-0.0437186220675819,-0.0392217519481824,0.2067608228845831,090430_2024Q4,,1091698980330.0,78480663407.0,0.0718885561139544,6783507800768.0,0.17887804954292838,0.049560944455846995,0.01975913245561472,0,0,0,29.545515458833226,연결,역산,1,True
090430,아모레퍼시픽,2025Q1,2025-04-30,잠정실적,브랜드,v1,False,2025-04-30,2팩터시장모델,220,-0.0005719656368579,0.6731336474659593,0.571682710819337,0.2212566694033449,0.0190506470419778,-0.0307701752364547,0.0085491684318749,0.1394541969004488,090430_2025Q1,,1067512073116.0,117729877264.0,0.1102843520264402,6877582295704.0,0.1712207089704012,0.030547967619964006,0.040282151346523715,0,0,0,29.55928829560652,연결,직접,1,True
090430,아모레퍼시픽,2025Q2,2025-08-01,잠정실적,브랜드,v1,False,2025-08-01,2팩터시장모델,220,-0.0007356730508772,0.7856457759585801,0.5465211115422153,0.2436623281679673,-0.015660466034212,-0.0719234269464981,-0.0991073164551935,-0.0303268080459606,090430_2025Q2,,1005023630792.0,73662493730.0,0.0732942902764892,6764514199199.0,0.11082857796986698,0.0687032379423089,-0.08082480093128436,0,0,0,29.542711564063534,연결,직접,1,True
090430,아모레퍼시픽,2025Q3,2025-11-06,잠정실적,브랜드,v1,False,2025-11-06,2팩터시장모델,220,-0.0010210289398615,0.9710538178892631,0.4362519543442364,0.3900367698160322,0.0831088989913306,0.0791989293369291,0.0958234117683166,-0.0493624353898241,090430_2025Q3,,1016903549806.0,91886526963.0,0.0903591367937791,6734001242179.0,0.04062153567968972,0.023668115199052805,-0.007921508353507821,0,0,0,29.53819062113118,연결,직접,1,True
090430,아모레퍼시픽,2025Q4,2026-02-06,잠정실적,브랜드,v1,False,2026-02-06,2팩터시장모델,220,-0.0010558296205131,0.4948502204777552,0.4674052052369833,0.2814608139796452,0.1705098361422282,0.1462028823464614,0.0162669665563811,0.098411369834831,090430_2025Q4,,1163380967782.0,52547649106.0,0.0451680494706585,6961213309494.0,0.0656609456851667,-0.026720506643295894,-0.03174350796618848,0,0,0,29.571374901158574,연결,역산,1,True
090430,아모레퍼시픽,2026Q1,2026-04-29,잠정실적,브랜드,v1,False,2026-04-29,2팩터시장모델,220,-0.0010464422316931,0.5027280915381986,0.5552221044238653,0.3334665591510739,-0.0579243646518491,-0.126648536931506,-0.2386442070041655,-0.0827380086520136,090430_2026Q1,,1135756247274.0,126705584407.0,0.1115605436563646,7040950382981.0,0.0639282457563216,0.0012761916299244003,0.07667103805108294,0,0,0,29.582764274569673,연결,직접,1,True
090430,아모레퍼시픽,2026Q2,2026-07-30,잠정실적,브랜드,v1,False,2026-07-30,2팩터시장모델,220,-0.0025622671111289,0.401889043677941,0.6939592816818573,0.423270500532192,0.0613982765172994,0.0398876920914199,,0.1788633628984031,090430_2026Q2,,1175899264082.0,117338201084.0,0.0997859295163378,7087388771624.0,0.17002150800707339,0.026491639239848597,0.0010120246056357625,0,0,0,29.589338091261247,연결,직접,1,True
092730,네오팜,2022Q3,2022-11-04,잠정실적,브랜드,v1,False,2022-11-04,2팩터시장모델,220,-0.0005699605009934,0.6766676818654205,0.4698455680913099,0.5877578713285778,0.0058936250161192,-0.0120475016869294,-0.0151526321408853,0.0358727086189877,092730_2022Q3,,18828986225.0,4140328590.0,0.2198912113761451,149080163536.0,-0.03181852310849066,0.04240990660250518,-0.11961873643040492,0,0,0,25.72775000852494,연결,직접,1,True
092730,네오팜,2022Q4,2023-02-07,잠정실적,브랜드,v1,False,2023-02-07,2팩터시장모델,220,-0.0001097018677536,0.7115882305788443,0.4574168505859068,0.6487762662625296,-0.0114549796332142,0.0028157779097228,-0.0960014852005545,-0.0334325976056016,092730_2022Q4,,22378979083.0,6010880732.0,0.2685949483980757,155347426926.0,-0.07335832122999968,0.013032372930480207,0.11090335027326413,0,0,0,25.768929909571376,연결,역산,1,True
092730,네오팜,2023Q1,2023-05-04,잠정실적,브랜드,v1,False,2023-05-04,2팩터시장모델,220,-0.0012747578033618,0.6881391482832614,0.411894333963244,0.5102767811358817,0.1389740611753025,0.1736931710595518,0.0806643416143375,0.0071412364363663,092730_2023Q1,,23585268343.0,7039629514.0,0.2984757015109107,162289798553.0,0.05543778635254179,0.01483813712884191,0.09021428874823466,0,0,0,25.812649453995473,연결,직접,1,True
092730,네오팜,2023Q2,2023-08-04,잠정실적,브랜드,v1,False,2023-08-04,2팩터시장모델,220,0.0007910218234641,0.570785416607341,0.4245184624575791,0.2203256515036741,0.0459258025008625,0.0379198219847821,0.0488539417482288,-0.021106337176253,092730_2023Q2,,24498379477.0,6273246069.0,0.2560677972553066,161714684592.0,0.1405872976015311,0.02564025191833469,-0.05294950209738724,0,0,0,25.809099413209488,연결,직접,1,True
092730,네오팜,2023Q3,2023-11-03,잠정실적,브랜드,v1,False,2023-11-03,2팩터시장모델,220,0.0014358188580121,0.4288871269761157,0.4844402215973822,0.1868358555800674,-0.0434103096914653,-0.0875466381338375,-0.060775206965109,0.0135811950120208,092730_2023Q3,,21808048917.0,5060789516.0,0.2320606274894665,169263364324.0,0.15821683952610147,0.012169416113321396,-0.12206993047070855,0,0,0,25.854721707653955,연결,직접,1,True
092730,네오팜,2023Q4,2024-02-02,잠정실적,브랜드,v1,False,2024-02-02,2팩터시장모델,220,0.0008538046659372,0.230327443981401,0.4415996828252844,0.1405516674531634,0.0336090805968381,0.0287776824478363,-0.0244309940350309,0.0461779428512531,092730_2023Q4,,27213193762.0,6933639640.0,0.2547896325818988,177458518886.0,0.21601587190687666,-0.013805315816176889,0.06400084718949943,0,0,0,25.902002722133716,연결,역산,1,True
092730,네오팜,2024Q1,2024-05-03,잠정실적,브랜드,v1,False,2024-05-03,2팩터시장모델,220,0.0017734756482924,0.1241468553668419,0.471868656447015,0.1236203999977688,-0.0341304749384559,-0.0908077481164055,-0.0493880061909052,-0.0088158281413369,092730_2024Q1,,28215374365.0,6791868434.0,0.2407151628094302,183351581539.0,0.19631347647457206,-0.057760538701480485,0.030042089182820662,0,0,0,25.934671357218743,연결,직접,1,True
092730,네오팜,2024Q2,2024-08-02,잠정실적,브랜드,v1,False,2024-08-02,2팩터시장모델,220,0.0016492981423199,0.227543541603768,0.408832792101347,0.1654326312119276,-0.0203718592123223,-0.1278056523485739,-0.1081946427792379,-0.1065573733568693,092730_2024Q2,,30620977220.0,6106596242.0,0.1994252566835618,181923208503.0,0.24991847925076535,-0.05664254057174478,-0.03316252679345424,0,0,0,25.92685050368295,연결,직접,1,True
092730,네오팜,2024Q3,2024-11-01,잠정실적,브랜드,v1,False,2024-11-01,2팩터시장모델,220,0.0001428479521097,0.1908386781596786,0.2993354535071748,0.1112548368855594,0.0921007891961098,0.0922370784385018,0.0171211352681629,0.006698843101808,092730_2024Q3,,26150576680.0,5083231435.0,0.1943831486854996,183746735965.0,0.1991250010272526,-0.03767747880396688,-0.0722318398218972,0,0,0,25.936824211425805,연결,직접,1,True
092730,네오팜,2024Q4,2025-02-04,잠정실적,브랜드,v1,False,2025-02-04,2팩터시장모델,220,-0.0001455845554854,0.4905730299473616,0.322785361558194,0.1993658187796625,0.0569245360193781,0.0379725104354784,0.0633753416902241,-0.0735159649294967,092730_2024Q4,,34026815430.0,6671718254.0,0.1960723673282051,192440283038.0,0.2503793464152089,-0.058717265253693696,0.05883619999992464,0,0,0,25.983051724562284,연결,역산,1,True
092730,네오팜,2025Q1,2025-05-09,잠정실적,브랜드,v1,False,2025-05-09,2팩터시장모델,220,0.0007654501251878,0.5605893497750619,0.2632324271184622,0.2129949493320854,-0.010698524814122,-0.0611319570379982,-0.0064420799696206,0.0212229391697098,092730_2025Q1,,31608960291.0,7780423580.0,0.2461461404731909,200914982501.0,0.12027435404896142,0.005430977663760689,0.062103397499566934,0,0,0,26.02614768289549,연결,직접,1,True
092730,네오팜,2025Q2,2025-08-01,잠정실적,브랜드,v1,False,2025-08-01,2팩터시장모델,220,0.0006528738449014,0.5546601678317806,0.3753934954939866,0.2763889107802282,-0.0138085906943837,-0.0047574618926899,0.0282596219979323,0.2543834031427532,092730_2025Q2,,31982006218.0,7010729640.0,0.219208563471989,196920462641.0,0.044447601662792394,0.019783306788427185,-0.03290146774494008,0,0,0,26.00606574121919,연결,직접,1,True
092730,네오팜,2025Q3,2025-11-07,잠정실적,브랜드,v1,False,2025-11-07,2팩터시장모델,220,0.0011538200706927,0.6219212200020269,0.4945235984547397,0.2345559441937843,0.0702656233036453,0.1286510430879778,0.1711197959324065,0.0030756713339398,092730_2025Q3,,32196031702.0,6768324258.0,0.2102223131299611,207375322752.0,0.23117865032106819,0.015839164444461484,-0.049416073049809106,0,0,0,26.057796141824706,연결,직접,1,True
092730,네오팜,2025Q4,2026-01-27,잠정실적,브랜드,v1,False,2026-01-27,2팩터시장모델,220,0.0023249484742498,0.5240051114078389,0.5936889216557169,0.2342514557346439,-0.0313204882264017,0.007223848016746,-0.0536934395315009,-0.131828055492118,092730_2025Q4,,36397098077.0,7215091888.0,0.1982326138401498,217810766237.0,0.06965925600284717,0.0021602465119447134,0.0076176934879104525,0,0,0,26.106892477982058,연결,역산,1,True
092730,네오팜,2026Q1,2026-05-08,잠정실적,브랜드,v1,False,2026-05-08,2팩터시장모델,220,0.000718246683819,0.4170748519164426,0.6650223575224647,0.2711399749176222,-0.0546228003187345,-0.0670697054113046,-0.0823400397682737,0.0726469777888037,092730_2026Q1,,36223935831.0,8704195880.0,0.2402885186360963,225350497010.0,0.14600213032992482,-0.005857621837094595,0.055078323413232474,0,0,0,26.140922791583186,별도,직접,1,True
092730,네오팜,2026Q2,2026-08-07,잠정실적,브랜드,v1,False,2026-08-07,2팩터시장모델,220,-0.0004449110055797,0.4329040889767188,0.6283874220313117,0.3220369188844107,0.1129376549539969,0.0559750586768811,,0.0388194037909674,092730_2026Q2,,43571648895.0,9789095195.0,0.2246666225230538,226230032160.0,0.3623801020486688,0.005458059051064806,0.02255407394308574,0,0,0,26.144818159985277,별도,직접,1,True
114840,아이패밀리에스씨,2022Q3,2022-11-14,정기보고서,유통,v1,False,2022-11-14,2팩터시장모델,220,0.0030135267560878,1.1998076454218018,0.7902919064127399,0.3302505463903795,0.0107763544476368,-0.0274469007840713,0.0466549731770902,-0.2442322076023352,114840_2022Q3,,21000669869.0,2062582368.0,0.0982150750840889,74128226811.0,0.475315539010699,0.0252385861912761,-0.055498247187840695,0,0,0,25.029062225337046,별도,직접,0,True
114840,아이패밀리에스씨,2022Q4,2023-02-16,잠정실적,유통,v1,False,2023-02-16,2팩터시장모델,220,0.003032828071116,1.231385469655675,0.8283371438739906,0.3714465985029852,-0.1296662981149236,-0.0733307800972481,-0.0713348060185975,-0.0983411784850073,114840_2022Q4,,20161547023.0,1946594810.0,0.0965498732701093,72333625980.0,0.10156388315804975,0.006600157844065702,-0.014418439054720152,0,0,0,25.004554947617027,별도,역산,1,True
114840,아이패밀리에스씨,2023Q1,2023-05-15,정기보고서,유통,v1,False,2023-05-15,2팩터시장모델,220,0.0014375277881912,1.093209099954922,0.6689991802044537,0.334496399879844,-0.0389646090152113,-0.1312651299689099,-0.0211751630980412,0.0652547866757303,114840_2023Q1,,32844018532.0,4657188489.0,0.1417971581176186,82724237364.0,0.470416092184376,-0.015052688617095522,0.10446482054737383,0,0,0,25.138778471781404,별도,직접,0,True
114840,아이패밀리에스씨,2023Q2,2023-08-14,정기보고서,유통,v1,False,2023-08-14,2팩터시장모델,220,0.0034737908531484,0.9560223808089056,0.98685363451197,0.3296623311767058,0.0429785842511661,0.1467270901049939,0.0725694500070144,-0.1571335702050215,114840_2023Q2,,36673100651.0,5060787696.0,0.1379972679201861,91833434407.0,0.6794477378566552,0.0466021937349695,0.011675361856492619,0,0,0,25.243242277491355,별도,직접,0,True
114840,아이패밀리에스씨,2023Q3,2023-11-13,정기보고서,유통,v1,False,2023-11-13,2팩터시장모델,220,0.005153182752856,0.549840845891547,0.970846886871942,0.2605411069712212,-0.0145416308406516,-0.0003878565934606,-0.0155659012188957,-0.0836676562807925,114840_2023Q3,,37207605491.0,6653635385.0,0.1788246058083319,92334681459.0,0.7717342219604033,0.080609530724243,0.007943124116694048,0,0,0,25.24868565499804,연결,직접,0,True
114840,아이패밀리에스씨,2023Q4,2024-02-14,잠정실적,유통,v1,False,2024-02-14,2팩터시장모델,220,0.0031643186738535,0.3960250753454973,0.9972638679494602,0.2620886012057802,0.0542415136143604,0.0265413441478054,0.172748323433948,0.1260600816810736,114840_2023Q4,,41961188281.0,7624583570.0,0.1817056161265196,89832890141.0,1.0812484395731778,0.08515574285641028,-0.013968819330729236,0,0,0,25.221217005119822,연결,역산,1,True
114840,아이패밀리에스씨,2024Q1,2024-05-10,정기보고서,유통,v1,False,2024-05-10,2팩터시장모델,220,0.0036923299863027,0.2600765327947625,0.8932610493575662,0.2258150829015809,0.1004118437658545,0.0495856186131615,0.1255202067935822,-0.102120994719177,114840_2024Q1,,57411304700.0,11761040185.0,0.2048558249365129,118499447102.0,0.7479987914409449,0.0630586668188943,0.05466228617166406,0,0,0,25.498174131704804,연결,직접,0,True
114840,아이패밀리에스씨,2024Q2,2024-08-09,정기보고서,유통,v1,False,2024-08-09,2팩터시장모델,220,0.0063387224501968,0.1904907145694777,1.0744732133185853,0.3081189926209956,-0.1289351311486799,-0.2012142849363927,-0.4892242820693419,-0.0076073289569401,114840_2024Q2,,49008529025.0,6956237730.0,0.1419393291002779,131236145012.0,0.3363617516661667,0.003942061180091799,-0.12419675744389473,0,0,0,25.60026417103277,연결,직접,0,True
114840,아이패밀리에스씨,2024Q3,2024-11-11,정기보고서,유통,v1,False,2024-11-11,2팩터시장모델,220,0.0039036544336675,0.5472084965883899,1.0657923816615409,0.3279175791746175,-0.0027437376343047,0.0914981821867884,0.1004039999472967,-0.2247180273919369,114840_2024Q3,,50105152723.0,9087526114.0,0.1813690931996403,123732293579.0,0.34663738936706734,0.0025444873913084143,-0.008430550413352944,0,0,0,25.54138614596808,연결,직접,0,True
114840,아이패밀리에스씨,2024Q4,2025-02-10,잠정실적,유통,v1,False,2025-02-10,2팩터시장모델,220,0.0024345861638108,1.0358202432822825,1.1122669858763816,0.4243028533011009,-0.1492326995183406,-0.0987238829153258,-0.2688359617167059,0.3030074703416539,114840_2024Q4,,48355619713.0,5827651503.0,0.1205165301900429,122318512016.0,0.15238918853247524,-0.06118908593647669,-0.06050386094449018,0,0,0,25.529894233810428,연결,역산,1,True
114840,아이패밀리에스씨,2025Q1,2025-05-08,정기보고서,유통,v1,False,2025-05-08,2팩터시장모델,220,0.0012153116249527,1.1027827827631935,1.2184721236186782,0.4278964910539213,-0.1931018074519657,-0.212354134838326,-0.3850180593923733,0.0576398572228682,114840_2025Q1,,54393895300.0,7145051931.0,0.1313576071651555,133220444251.0,-0.05255775697429848,-0.0734982177713574,0.04879513498456879,0,0,0,25.615271068642894,연결,직접,0,True
114840,아이패밀리에스씨,2025Q2,2025-08-14,정기보고서,유통,v1,False,2025-08-14,2팩터시장모델,220,-0.0018784229179914,1.1297229831778943,0.673479344153908,0.3208156481635604,0.0743388875830117,0.2758631760891448,0.3553760679936112,0.1344196240467185,114840_2025Q2,,57659513095.0,7178936728.0,0.1245056772534995,142590832599.0,0.17651996993394764,-0.017433651846778406,0.010374314287296186,0,0,0,25.68324505533553,연결,직접,0,True
114840,아이패밀리에스씨,2025Q3,2025-11-14,정기보고서,유통,v1,False,2025-11-14,2팩터시장모델,220,0.0008178857224532,0.965069431714729,0.5684492385335262,0.2079503588257948,-0.0426150842220347,-0.0935522541394672,-0.0877804642450755,-0.1314307283395931,114840_2025Q3,,53467225918.0,6184940598.0,0.1156772301500274,144815297869.0,0.06710034821342221,-0.06569186304961291,-0.00042566335000999555,0,0,0,25.698724959584215,연결,직접,0,True
114840,아이패밀리에스씨,2025Q4,2026-03-19,정기보고서,유통,v1,False,2026-03-19,2팩터시장모델,220,-0.0025215921817093,0.5812226522323038,0.466960714867619,0.1748723074255822,0.0398638300252229,0.025416693264842,0.0541204087310888,-0.1655625974042293,114840_2025Q4,,58575419870.0,6618814938.0,0.1129964574336733,142391571157.0,0.21134668974684845,-0.007520072756369595,-0.004127469731101749,0,0,0,25.68184664285921,연결,역산,0,True
114840,아이패밀리에스씨,2026Q1,2026-05-15,정기보고서,유통,v1,False,2026-05-15,2팩터시장모델,220,-0.0038392185935612,0.5610590156792687,0.4751987343696567,0.2484914670098803,0.0370994384455903,0.1415514478214384,0.1834955985344602,-0.1584462805347505,114840_2026Q1,,54847089936.0,3691985400.0,0.0673141529351531,147892027137.0,0.008331718725060678,-0.06404345423000239,-0.044610823917095546,0,0,0,25.719748298090447,연결,직접,0,True
114840,아이패밀리에스씨,2026Q2,2026-08-13,정기보고서,유통,v1,False,2026-08-13,2팩터시장모델,220,-0.0032228556046676,0.6712102362037209,0.626140308983809,0.380256176792113,-0.0326449781868619,-0.0583213337509699,,0.0667259698673517,114840_2026Q2,,58660342221.0,6814957283.0,0.1161765687851765,147403188177.0,0.017357571583218726,-0.008329108468322993,0.05801249445799756,0,0,0,25.716437445891074,연결,직접,0,True
161890,한국콜마,2022Q3,2022-11-11,잠정실적,ODM,v1,False,2022-11-11,2팩터시장모델,220,0.0013218961608518,1.1773552206413314,0.8252384214445397,0.547890836817582,0.0253360941091518,0.012565348018098,-0.0087652811310479,-0.0443988510083107,161890_2022Q3,,473518828595.0,18094353955.0,0.0382125331925841,2970751954020.0,0.2594701584338517,0.004223472843367701,-0.032969688409904246,0,0,0,28.719836219869425,연결,직접,1,True
161890,한국콜마,2022Q4,2023-02-27,잠정실적,ODM,v1,False,2023-02-27,2팩터시장모델,220,0.0006270558931443,1.122647217980404,0.8954102690653939,0.5799470820415062,-0.0367979342144278,-0.0366130893421107,-0.0189765797546264,-0.0541730087393718,161890_2022Q4,,479065009149.0,8636620605.0,0.0180280764406941,2933309479342.0,0.19083083732929051,-0.04640167226502831,-0.027801287769187926,0,0,0,28.707152416669032,연결,역산,1,True
161890,한국콜마,2023Q1,2023-05-12,잠정실적,ODM,v1,False,2023-05-12,2팩터시장모델,220,0.0004112679141313,1.0332082824667574,0.8304697049101027,0.5508476887338455,-0.1053757917613477,-0.1138882915326726,-0.1102055895443813,-0.1296506243517811,161890_2023Q1,,487660961331.0,12058574023.0,0.0247273720457095,2993128309822.0,0.18813281633505735,-0.006721404908633998,0.0016994261458576799,0,0,0,28.727340213850816,연결,직접,1,True
161890,한국콜마,2023Q2,2023-08-11,잠정실적,ODM,v1,False,2023-08-11,2팩터시장모델,220,0.0007239646313874,1.01073037844217,0.709226109438769,0.5047408855771958,0.0593686360351199,0.0683192001633982,-0.043556536930708,0.0744724128294395,161890_2023Q2,,599737686970.0,55672431124.0,0.0928279685161503,3039925026335.0,0.1930222036678881,0.025906886741735802,0.09356809498751252,0,0,0,28.742853968652753,연결,직접,1,True
161890,한국콜마,2023Q3,2023-11-10,잠정실적,ODM,v1,False,2023-11-10,2팩터시장모델,220,0.0016144591719438,0.6252414374702248,0.6719853258481493,0.3915971331517742,-0.1246274391059717,-0.1647521120932776,0.0109287748864374,0.1071681451445877,161890_2023Q3,,516384773087.0,31034500807.0,0.0600995661074059,3046070359536.0,0.09052637805172302,0.021887032914821795,-0.041868082634879455,0,0,0,28.74487346912883,연결,직접,1,True
161890,한국콜마,2023Q4,2024-02-08,잠정실적,ODM,v1,False,2024-02-08,2팩터시장모델,220,0.0009920521225455,0.3109112463318074,0.6597405597581538,0.310483865043023,0.0018456839238279,-8.147135396876018e-05,-0.0457216890002498,-0.0804015865857631,161890_2023Q4,,551892506034.0,37377834038.0,0.0677266562407305,3009429377714.0,0.152020071376887,0.049698579800036405,-0.031119415177277183,0,0,0,28.732771601207325,연결,역산,1,True
161890,한국콜마,2024Q1,2024-05-10,잠정실적,ODM,v1,False,2024-05-10,2팩터시장모델,220,0.0007805375637332,0.1075346974610473,0.5754000122578218,0.2626750766988086,0.0343489966753654,0.0058111639500326,0.0748315099213311,-0.1193531527281363,161890_2024Q1,,574789537510.0,32429767326.0,0.0564202463852881,3025218961237.0,0.17866629295319264,0.0316928743395786,-0.02511533206839007,0,0,0,28.738004588671767,연결,직접,1,True
161890,한국콜마,2024Q2,2024-08-09,잠정실적,ODM,v1,False,2024-08-09,2팩터시장모델,220,0.0021264569435261,0.1238733437235064,0.7052039155899583,0.3562377229844662,0.0913912082111289,0.0742387606309457,0.192274496469923,0.0682765910495682,161890_2024Q2,,660271275247.0,71741069792.0,0.1086539313180972,3151388113858.0,0.10093344072277385,0.015825962801946897,0.07339195695113677,0,0,0,28.778864142765144,연결,직접,1,True
161890,한국콜마,2024Q3,2024-11-08,잠정실적,ODM,v1,False,2024-11-08,2팩터시장모델,220,0.001489870352202,0.5197473923084103,0.7902839644698897,0.4143252002163593,-0.0700280728712276,-0.0740930828161989,-0.1153829326414298,-0.0146966906311456,161890_2024Q3,,626505190045.0,54539639175.0,0.0870537707294692,3066303197521.0,0.21325264162939797,0.0269542046220633,-0.028569697683133922,0,0,0,28.75149378174358,연결,직접,1,True
161890,한국콜마,2024Q4,2025-02-11,잠정실적,ODM,v1,False,2025-02-11,2팩터시장모델,220,0.0005821337932493,0.7698153102763291,0.7607972105146612,0.4811502808481724,-0.0108051260496998,-0.0691024512880887,0.0647775732960518,0.0581061570199048,161890_2024Q4,,590497977661.0,35139948055.0,0.0595090066086112,3126693019808.0,0.06995107055253558,-0.008217649632119302,-0.06194993104278001,0,0,0,28.770997018753075,연결,역산,1,True
161890,한국콜마,2025Q1,2025-05-09,잠정실적,ODM,v1,False,2025-05-09,2팩터시장모델,220,0.0017364933181576,0.8453593718090624,0.7791269851262504,0.4826356208025212,0.0423314538355508,0.0585695227421239,0.0021776565982595,0.0211383904731128,161890_2025Q1,,653085689014.0,59939938284.0,0.0917795923142867,3314646803278.0,0.1362170784165288,0.0353593459289986,0.021046325980977602,0,0,0,28.829372188875872,연결,직접,1,True
161890,한국콜마,2025Q2,2025-08-08,잠정실적,ODM,v1,False,2025-08-08,2팩터시장모델,220,0.001301552021911,0.844618802983495,0.7396038399381473,0.5147702224140845,-0.1901389299360517,-0.1883843896924419,-0.2447773799417403,-0.1181339041521227,161890_2025Q2,,730849244128.0,73477279890.0,0.1005368487144953,3265455496688.0,0.10689238124829462,-0.008117082603601902,0.043562886231738325,0,0,0,28.81442037786614,연결,직접,1,True
161890,한국콜마,2025Q3,2025-11-07,잠정실적,ODM,v1,False,2025-11-07,2팩터시장모델,220,7.134245587586392e-05,0.8105130316452354,0.7150791274524633,0.4517609321370595,-0.1127436994666297,-0.1135768033189499,-0.0793023575985009,0.017638004677887,161890_2025Q3,,683014538376.0,58330238822.0,0.0854011672440992,3491328543324.0,0.09019773376010037,-0.0016526034853699967,-0.026130030357677532,0,0,0,28.881303451145435,연결,직접,1,True
161890,한국콜마,2025Q4,2026-02-25,잠정실적,ODM,v1,False,2026-02-25,2팩터시장모델,220,-0.0004888853190043,0.4047215274974793,0.7138775484759687,0.3757520145072978,0.0655614342889618,0.0817577473755658,0.203735426029052,0.0488229466665887,161890_2025Q4,,655469697807.0,47847283452.0,0.0729969419060595,3457768462781.0,0.11002869205980537,0.013487935297448302,-0.04523721140230465,0,0,0,28.871644543973087,연결,역산,1,True
161890,한국콜마,2026Q1,2026-05-08,잠정실적,ODM,v1,False,2026-05-08,2팩터시장모델,220,-0.0015289272993022,0.5376595762739187,0.7197680986553261,0.4623729372142688,0.1260729407966673,0.1465986245774325,0.062778956531518,0.0200065977191762,161890_2026Q1,,728036468369.0,78886019580.0,0.1083544891050941,3676371470619.0,0.11476408167534245,0.016574896790807397,0.04373899830916205,0,0,0,28.93294736825963,연결,직접,1,True
161890,한국콜마,2026Q2,2026-08-12,잠정실적,ODM,v1,False,2026-08-12,2팩터시장모델,220,-0.0013261530209326,0.3826121655071421,0.80181545262449,0.515255787133551,0.2287023429036551,0.2331470663081662,,-0.2021898101849721,161890_2026Q2,,861276727774.0,110340891223.0,0.1281131692808882,3628835252259.0,0.178460174507832,0.027576320566392906,0.05140028568566693,0,0,0,28.91993284557015,연결,직접,1,True
192820,코스맥스,2022Q3,2022-11-14,정기보고서,ODM,v1,False,2022-11-14,2팩터시장모델,220,-0.0015268228449246,1.2909035787855774,0.9562760194685818,0.4630736333136429,0.0845762401438174,0.1330452437381953,0.1985962495963181,0.0789216209656302,192820_2022Q3,,396776160074.0,19740641906.0,0.0497525907360923,1504511969842.0,0.004615933814591952,-0.013463262435649104,0.020478832473162102,0,0,0,28.03948968901145,연결,직접,0,True
192820,코스맥스,2022Q4,2023-03-22,정기보고서,ODM,v1,False,2023-03-22,2팩터시장모델,220,0.000831055738511,1.1151008453698752,0.9868810487665856,0.4641253157515895,-0.0203180887600518,-0.0363795817121541,-0.0982736893330953,-0.0243696993809866,192820_2022Q4,,400481018854.0,2390818454.0,0.0059698670884364,1396450504662.0,-0.04922263647026279,-0.0662583191394942,-0.026848043468496598,0,0,0,27.96495477928464,연결,역산,0,True
192820,코스맥스,2023Q1,2023-05-12,잠정실적,ODM,v1,False,2023-05-12,2팩터시장모델,220,0.000794602154524,1.0292401098864088,0.9912083057269307,0.4205930098602515,0.0130342047292673,0.0229868922650528,-0.0445921114536966,-0.0883143880126142,192820_2023Q1,,403260875312.0,13811866518.0,0.0342504501764865,1516310871363.0,0.013594325238444864,-0.0002880724697134976,0.02088311481366613,0,0,0,28.047301442392577,연결,직접,1,True
192820,코스맥스,2023Q2,2023-08-10,잠정실적,ODM,v1,False,2023-08-10,2팩터시장모델,220,0.001608762780096,1.0622556738142708,0.9294147244116462,0.422071785435559,0.2122209172012165,0.2926625436537594,0.259999051145016,0.0789831012342212,192820_2023Q2,,479265546131.0,46047093660.0,0.096078455945201,1504381584460.0,0.183324239558003,0.053541492579596194,0.08273888855795448,0,0,0,28.039403022348285,연결,직접,1,True
192820,코스맥스,2023Q3,2023-11-13,잠정실적,ODM,v1,False,2023-11-13,2팩터시장모델,220,0.0044456788215352,0.6089982110954995,0.9312888020905684,0.3612809678149731,-0.063203300458333,-0.108154977149573,-0.0538206489162542,0.0447047067246657,192820_2023Q3,,458266795254.0,33304646349.0,0.0726752334969861,1518664169680.0,0.1549756295048871,0.0229226427608938,-0.021337045839379214,0,0,0,28.04885222864736,연결,직접,1,True
192820,코스맥스,2023Q4,2024-03-20,정기보고서,ODM,v1,False,2024-03-20,2팩터시장모델,220,0.0020434665328441,0.0503646458283226,0.8006972966438233,0.292898813560928,0.0509204055685591,0.0458161709634354,0.1154377691627726,-0.0231448769666353,192820_2023Q4,,436701231623.0,22522173329.0,0.0515734138081002,1557077274819.0,0.09044177142938327,0.0456035467196638,-0.07467487669270517,0,0,0,28.073831638132667,연결,역산,0,True
192820,코스맥스,2024Q1,2024-05-13,잠정실적,ODM,v1,False,2024-05-13,2팩터시장모델,220,0.0021688256610214,0.1042557746880293,0.7814252807365004,0.2884456863938183,0.0735459094977034,0.0993538032500379,-0.0565593141646898,-0.0560256920467113,192820_2024Q1,,526802196511.0,45453238793.0,0.0862814147208114,1731679625704.0,0.30635583256971555,0.0520309645443249,0.025027753558777517,0,0,0,28.180112935347054,연결,직접,1,True
192820,코스맥스,2024Q2,2024-08-12,잠정실적,ODM,v1,False,2024-08-12,2팩터시장모델,220,0.0033028435917267,0.0837366565431625,0.7779254919161804,0.3281457202236335,-0.0658239576183513,-0.0461303854480859,-0.0490076045960141,-0.2778673044602385,192820_2024Q2,,551453223808.0,46712160025.0,0.0847073840686509,1883116927114.0,0.15062146290246492,-0.011371071876550093,0.023612848443576556,0,0,0,28.263949459859425,연결,직접,1,True
192820,코스맥스,2024Q3,2024-11-11,잠정실적,ODM,v1,False,2024-11-11,2팩터시장모델,220,-0.0003267143845045,0.4766384627380611,0.7626246258907973,0.3609617155941099,-0.0623556653762256,0.0101172820201949,0.0594178363328958,0.2177058656441586,192820_2024Q3,,529831883083.0,43413150653.0,0.0819375957528006,1793881737937.0,0.15616468085874335,0.009262362255814505,-0.017691093898423698,0,0,0,28.21540295650989,연결,직접,1,True
192820,코스맥스,2024Q4,2025-03-19,정기보고서,ODM,v1,False,2025-03-19,2팩터시장모델,220,0.0026697103664436,0.7627571306092344,0.8671976705250306,0.4142127165437768,-0.0141762589448652,-0.0330810036331803,-0.1267429287959225,0.1433429298923155,192820_2024Q4,,558002333340.0,39816729634.0,0.0713558479149566,1933713489313.0,0.2777667955416212,0.019782434106856393,-0.028120696687909688,0,0,0,28.29046335788647,연결,역산,0,True
192820,코스맥스,2025Q1,2025-05-13,잠정실적,ODM,v1,False,2025-05-13,2팩터시장모델,220,0.0018326607169763,0.7745058732759331,0.8629770485053784,0.3820099633275976,0.1019743466447951,0.0577788203714097,0.08838040397823,0.049620214024201,192820_2025Q1,,588574135736.0,51346295225.0,0.0872384498526978,2047066936963.0,0.11725831751293801,0.0009570351318863995,0.02132205426476474,0,0,0,28.347429122103843,연결,직접,1,True
192820,코스맥스,2025Q2,2025-08-11,잠정실적,ODM,v1,False,2025-08-11,2팩터시장모델,220,0.0028004222538571,0.9211954068056308,0.9170170631839888,0.4015377997314985,-0.1938641932050125,-0.216590924785448,-0.1659400132898479,-0.026687912393218,192820_2025Q2,,623560619449.0,60812964839.0,0.0975253454792197,2013645582326.0,0.13075886136465076,0.012817961410568804,0.020710712650378098,0,0,0,28.330967917741138,연결,직접,1,True
192820,코스맥스,2025Q3,2025-11-10,잠정실적,ODM,v1,False,2025-11-10,2팩터시장모델,220,0.0016266788005155,1.0345544948164918,0.9378128961854932,0.4195418968713562,-0.1810576049834301,-0.1773540672927473,-0.1634007992050429,-0.0143005408542836,192820_2025Q3,,585616672949.0,42726679740.0,0.0729601490422745,2056508762657.0,0.10528771794818757,-0.008977446710526096,-0.037657495770993046,0,0,0,28.352030885564293,연결,직접,1,True
192820,코스맥스,2025Q4,2026-03-18,정기보고서,ODM,v1,False,2026-03-18,2팩터시장모델,220,-0.0012670237238719,0.6360385425489576,0.9314575465929876,0.3652167196605095,0.0204770622926551,0.0999876742392309,0.0631200576287783,-0.0037098766266438,192820_2025Q4,,601006544714.0,40905721820.0,0.0680620239160053,2125418400005.0,0.07706815689567525,-0.003293823998951298,-0.02049740661037604,0,0,0,28.384989793043825,연결,역산,0,True
192820,코스맥스,2026Q1,2026-05-12,잠정실적,ODM,v1,False,2026-05-12,2팩터시장모델,220,-0.0008941207391298,0.5023986518298273,0.919000210888578,0.3629680206849599,-0.0914279296683534,-0.0989810285376749,-0.1064282264141233,0.0449986244256007,192820_2026Q1,,682023325582.0,53030980630.0,0.077755376745724,2516016008103.0,0.1587721650886743,-0.0094830731069738,0.02409751387678014,0,0,0,28.553697817267565,연결,직접,1,True
192820,코스맥스,2026Q2,2026-08-11,잠정실적,ODM,v1,False,2026-08-11,2팩터시장모델,220,-0.0032716710795208,0.3184173152952092,0.995027670174236,0.4081779423935936,0.1271722417831059,0.1608057812563143,,0.0625258522573242,192820_2026Q2,,794891203546.0,73735296100.0,0.0927614946184682,2672145318030.0,0.27476171322107174,-0.004763850860751512,0.03856872090511924,0,0,0,28.61390275561438,연결,직접,1,True
214450,파마리서치,2022Q3,2022-11-14,정기보고서,메디컬,v2,False,2022-11-14,2팩터시장모델,220,-0.0003613759249189,0.8742428555337856,0.2040043312690113,0.4397390738862659,-0.0277758498405722,0.0325856709741027,0.0464919737674031,0.0164143949278105,214450_2022Q3,,46174667563.0,16518642317.0,0.3577425282913455,462438236227.0,0.19306431364568005,0.005015358305166806,-0.036054880660018586,0,0,0,26.859778841688218,연결,직접,0,False
214450,파마리서치,2022Q4,2023-02-15,잠정실적,메디컬,v2,False,2023-02-15,2팩터시장모델,220,0.0007405286159132,0.9379648239107488,0.122604928110208,0.4868702200713654,0.0092364092131451,-0.0192952405207411,-0.057593612237057,0.0245915839410075,214450_2022Q4,,53615133044.0,16770978217.0,0.3128030700443597,478055190172.0,0.2750944108428592,0.01235915174641572,-0.03967275656584492,0,0,0,26.892992023383684,연결,역산,1,False
214450,파마리서치,2023Q1,2023-05-15,정기보고서,메디컬,v2,False,2023-05-15,2팩터시장모델,220,-0.0006885619807957,0.918804146798654,0.0799187505905106,0.4327003437089702,0.1617374146187859,0.1426922149514346,0.2912703208845879,0.1497447166317463,214450_2023Q1,,55442360591.0,20739374899.0,0.3740709211859683,493120238571.0,0.2247438543663005,0.03753071985442907,0.0599977437024927,0,0,0,26.92401887287712,연결,직접,0,False
214450,파마리서치,2023Q2,2023-08-11,정기보고서,메디컬,v2,False,2023-08-11,2팩터시장모델,220,0.0033024676309422,0.9120554157178304,0.1562516216706843,0.2934933851259851,-0.049829932092344,-0.0899681549061197,-0.2496999236884052,0.0656346268162739,214450_2023Q2,,66798134698.0,23647410571.0,0.3540130376081897,503744300276.0,0.3440185293419573,0.004078600466637106,0.048182051924817657,0,0,0,26.94533463555471,연결,직접,0,False
214450,파마리서치,2023Q3,2023-11-14,정기보고서,메디컬,v2,False,2023-11-14,2팩터시장모델,220,0.00262009819569,0.7353611613386573,0.3325795304475563,0.1837443863226029,-0.0408848912438602,-0.084969572807704,-0.1583317390302841,0.0187999971283182,214450_2023Q3,,68805501576.0,27494854820.0,0.3996025636064901,535094027844.0,0.4901136317250761,0.041860035315144595,0.02524620732662321,0,0,0,27.00570832137911,연결,직접,0,False
214450,파마리서치,2023Q4,2024-02-08,잠정실적,메디컬,v2,False,2024-02-08,2팩터시장모델,220,0.0015287602697699,0.7112698985527193,0.3824343653200784,0.2062035573402153,-0.0440759822269052,-0.1194728312520275,-0.1365878500623804,-0.1412833235532545,214450_2023Q4,,69964913699.0,20376146338.0,0.2912337807727652,535281189557.0,0.3049471245661617,-0.021569289271594516,-0.15088883986075566,0,0,0,27.006058033726454,연결,역산,1,False
214450,파마리서치,2024Q1,2024-05-10,잠정실적,메디컬,v2,False,2024-05-10,2팩터시장모델,220,-8.717304524885443e-06,0.6875070499141104,0.4748513648573364,0.2236023472314627,-0.0297966174730703,-0.048932133145408,-0.1914658202510527,0.1795761379221966,214450_2024Q1,,74716536142.0,26668362059.0,0.3569271735016776,578719919498.0,0.34764348677694634,-0.017143747684290722,0.039007104865795485,0,0,0,27.08408446604665,연결,직접,1,False
214450,파마리서치,2024Q2,2024-08-07,잠정실적,메디컬,v2,False,2024-08-07,2팩터시장모델,220,0.0013913282384944,0.6034542856124976,0.432603149380038,0.1585381401810974,0.1818249873628601,0.246261316336833,0.2476060690453287,0.1157845342381556,214450_2024Q2,,83106581620.0,30760698843.0,0.3701355325099461,601473708925.0,0.2441452444103696,0.01612249490175638,0.06892316816363359,0,0,0,27.122648662220502,연결,직접,1,False
214450,파마리서치,2024Q3,2024-11-13,잠정실적,메디컬,v2,False,2024-11-13,2팩터시장모델,220,0.0026705514890749,0.7183312619815176,0.3769536245585576,0.1657757521770766,0.0100460426123933,-0.0400860138410403,0.0629945400242367,0.0289841509622281,214450_2024Q3,,89208791343.0,34923262674.0,0.3914778145544323,640817661151.0,0.296535731876953,-0.00812474905205779,0.051293265412670035,0,0,0,27.186010793417825,연결,직접,1,False
214450,파마리서치,2024Q4,2025-02-10,잠정실적,메디컬,v2,False,2025-02-10,2팩터시장모델,220,0.0049022360008646,0.8551632260053137,0.3127263458201355,0.180340379267778,0.0603316681093882,0.0342952414168565,0.1208702000433434,-0.0540062180688175,214450_2024Q4,,103083159536.0,33698433545.0,0.3269053228159096,855700916352.0,0.4733550587867495,0.03567154204314443,-0.062251733555556694,0,0,0,27.47518675524983,연결,역산,1,False
214450,파마리서치,2025Q1,2025-05-13,잠정실적,메디컬,v2,False,2025-05-13,2팩터시장모델,220,0.0062051574138269,0.8954210562981078,0.2729186148033241,0.1892199986348919,0.0364069883630168,0.0785066783713896,0.0599922275734017,-0.0331474740850856,214450_2025Q1,,116909970307.0,44733584603.0,0.3826327599393939,889453939690.0,0.5647134669735049,0.02570558643771631,0.05908564284432457,0,0,0,27.5138735604631,연결,직접,1,False
214450,파마리서치,2025Q2,2025-08-08,잠정실적,메디컬,v2,False,2025-08-08,2팩터시장모델,220,0.006393420898266,0.9957371401548644,0.3182951905814496,0.2482957130533268,0.1230414972413747,0.1005932031302841,0.0055505808442848,-0.0581364321758373,214450_2025Q2,,140607447466.0,55877690378.0,0.3974020678492984,923237813362.0,0.6918930453537285,0.027266535339352305,0.06881028422295743,0,0,0,27.551152690875746,연결,직접,1,False
214450,파마리서치,2025Q3,2025-11-11,잠정실적,메디컬,v2,False,2025-11-11,2팩터시장모델,220,0.0041742974254136,0.9719061285618448,0.4637256525488955,0.2125030468901221,-0.1334512837285755,-0.0816940622266368,-0.2999750798558098,-0.1720117419855855,214450_2025Q3,,135426410999.0,61870558180.0,0.4568574011789831,988303303817.0,0.5180836883922941,0.06537958662455079,0.008031718698563397,0,0,0,27.619255475252235,연결,직접,1,False
214450,파마리서치,2025Q4,2026-02-04,잠정실적,메디컬,v2,False,2026-02-04,2팩터시장모델,220,0.0016045749104078,0.9796124700399568,0.6428149926869959,0.2118803591528165,-0.2422610937879379,-0.2520911461371741,-0.2510146501501933,-0.1466892514326798,214450_2025Q4,,143345290040.0,51913925410.0,0.3621599662989527,1043888016418.0,0.3905791274271056,0.03525464348304308,-0.1468221326325205,0,0,0,27.67397333566837,연결,역산,1,False
214450,파마리서치,2026Q1,2026-05-08,잠정실적,메디컬,v2,False,2026-05-08,2팩터시장모델,220,-0.0019901973882181,0.9830465392432614,0.5813022569521973,0.276173422293095,-0.031347821052251,0.0596624072242919,0.0862928694360482,0.034869024188806,214450_2026Q1,,146100260508.0,57292342573.0,0.3921440138011448,1085373221652.0,0.2496817861158265,0.00951125386175089,-0.021834797654760662,0,0,0,27.712945026861753,연결,직접,1,False
214450,파마리서치,2026Q2,2026-08-07,잠정실적,메디컬,v2,False,2026-08-07,2팩터시장모델,220,-0.0025303422137909,0.9125403584681218,0.5066435680977149,0.3513447615167735,-0.003497739208557,-0.0818310564702575,,0.1867609313235823,214450_2026Q2,,178704799285.0,66469662181.0,0.3719523059646182,1107176182627.0,0.2709483210568362,-0.025449761884680178,0.06244489312345318,0,0,0,27.732833910222773,연결,직접,1,False
237880,클리오,2022Q3,2022-11-11,잠정실적,브랜드,v1,False,2022-11-11,2팩터시장모델,220,0.0004201186168057,0.919600794953011,1.0519504121401506,0.4679001874047807,0.0528396547565337,0.0020967499561142,0.0304230587901928,-0.1300167199621079,237880_2022Q3,,67948218685.0,4577496719.0,0.0673674278382593,245088504449.0,0.14462191457673795,-0.0014983170903435927,0.004844909415891327,0,0,0,26.224885224907702,연결,직접,1,True
237880,클리오,2022Q4,2023-02-23,잠정실적,브랜드,v1,False,2023-02-23,2팩터시장모델,220,1.8169120030894463e-05,0.9708729811123724,0.9260348388943754,0.4768417524159188,0.0295253309002788,0.0735237223114624,0.243989346886152,0.009508824353517,237880_2022Q4,,72374424607.0,5195361467.0,0.0717844942493333,243885491589.0,0.2182720065242664,-0.005889048582968209,0.00949867289768421,0,0,0,26.21996465531903,연결,역산,1,True
237880,클리오,2023Q1,2023-05-09,잠정실적,브랜드,v1,False,2023-05-09,2팩터시장모델,220,0.0008691883090722,1.0062619043115135,0.7395573462527989,0.486359970790245,-0.0464793642212382,-0.1152454017102451,-0.2123053210545637,-0.1164431822316856,237880_2023Q1,,75071060007.0,5235220623.0,0.0697368682753626,254539829168.0,0.13849706299296596,0.0146208874099343,-0.005751218664818938,0,0,0,26.26272316036999,연결,직접,1,True
237880,클리오,2023Q2,2023-08-07,잠정실적,브랜드,v1,False,2023-08-07,2팩터시장모델,220,0.0015574423343692,0.967373482587632,0.6891568443123073,0.4132291715103586,0.0215490840661861,0.116508271997064,0.2189418065042233,-0.1699010869104577,237880_2023Q2,,81000377501.0,6512953644.0,0.0804064603763062,261139303140.0,0.22368035750797977,0.0127992804701169,0.011328951256908302,0,0,0,26.288319830392453,연결,직접,1,True
237880,클리오,2023Q3,2023-11-08,잠정실적,브랜드,v1,False,2023-11-08,2팩터시장모델,220,0.0032478798301268,0.633165339920006,0.928875476659554,0.3500517383042406,0.0824706876188458,0.0760757123112879,0.0609011383054716,0.0334005647419183,237880_2023Q3,,84817705882.0,10473895631.0,0.1234871365840934,278923316767.0,0.24826974898642995,0.05611970874583409,0.04282219139542655,0,0,0,26.35420273069202,연결,직접,1,True
237880,클리오,2023Q4,2024-02-15,잠정실적,브랜드,v1,False,2024-02-15,2팩터시장모델,220,0.0027995832440663,0.2895100022871948,0.9062606939264723,0.2746561547137826,-0.0296864987511916,-0.0270247000583061,-0.0616610576715303,0.0110772601244498,237880_2023Q4,,89695353823.0,11587801392.0,0.1291906536749578,279567882691.0,0.23932389528558315,0.057406159425624506,0.005073949241541418,0,0,0,26.356510971934895,연결,역산,1,True
237880,클리오,2024Q1,2024-05-10,잠정실적,브랜드,v1,False,2024-05-10,2팩터시장모델,220,0.0017279036289492,0.1049744250992209,0.9227150827737634,0.2799115818011574,-0.036075725808407,-0.0725424451401777,-0.0969501848002813,0.0304777826084061,237880_2024Q1,,92975940721.0,8509323508.0,0.0915217790969663,302865502083.0,0.23850576656744235,0.021784910821603692,-0.06128268607787332,0,0,0,26.436554656393703,연결,직접,1,True
237880,클리오,2024Q2,2024-08-08,잠정실적,브랜드,v1,False,2024-08-08,2팩터시장모델,220,0.0040902057332747,0.1784753478739572,0.961482817124127,0.3188709512469557,-0.0455502427739501,-0.0484202588040724,-0.114321678286939,-0.0336756294797554,237880_2024Q2,,92581105814.0,9576226939.0,0.1034360829329378,297142265875.0,0.14297128816291046,0.0230296225566316,-0.015883591258397216,0,0,0,26.41747687074073,연결,직접,1,True
237880,클리오,2024Q3,2024-11-08,잠정실적,브랜드,v1,False,2024-11-08,2팩터시장모델,220,0.0009318573063006,0.4714918284078324,0.8161864817893058,0.3774099630555881,-0.1028961007948081,-0.0839940985804053,-0.0865511962029839,-0.2084413119174562,237880_2024Q3,,87558600126.0,6407227824.0,0.0731764534241041,305429788169.0,0.032315118824519776,-0.050310683159989295,-0.024974280657219766,0,0,0,26.444985763183308,연결,직접,1,True
237880,클리오,2024Q4,2025-02-21,잠정실적,브랜드,v1,False,2025-02-21,2팩터시장모델,220,-0.0011805177007123,0.8978211089070078,0.7160933668527438,0.4504110891356107,-0.0865365356372559,-0.0411684315098518,0.1329989785269343,0.1491669992325348,237880_2024Q4,,78250174688.0,109911961.0,0.0014046225639526,295426371283.0,-0.12760057959730337,-0.1277860311110052,-0.06762321819214391,0,0,0,26.411685476190428,연결,역산,1,True
237880,클리오,2025Q1,2025-05-14,잠정실적,브랜드,v1,False,2025-05-14,2팩터시장모델,220,-0.0011692049250621,0.8771594318932243,0.6355791655752066,0.4134397790711339,-0.1456778806761004,-0.1555493274529056,-0.1823334160587696,-0.0707294367600347,237880_2025Q1,,82335790614.0,1149424335.0,0.0139602028040106,317424957847.0,-0.11443982200652006,-0.0775615762929557,0.025390661830172925,0,0,0,26.483507274105534,연결,직접,1,True
237880,클리오,2025Q2,2025-08-13,잠정실적,브랜드,v1,False,2025-08-13,2팩터시장모델,220,-0.0031880570195811,0.979531827670438,0.5703136317207531,0.4388660811562621,-0.0268972083853383,-0.0267940902215483,-0.0025843280969801,0.0444965660825569,237880_2025Q2,,82129745417.0,3520752737.0,0.0428681803300858,299878671041.0,-0.11288869694424797,-0.060567902602852,0.08650320118403106,0,0,0,26.426643799935466,연결,직접,1,True
237880,클리오,2025Q3,2025-11-13,잠정실적,브랜드,v1,False,2025-11-13,2팩터시장모델,220,-0.0024284793582119,1.0318300003962682,0.4632585458872829,0.3972408375676145,-0.0131034359632034,-0.0039997789310161,0.0206552021579692,0.0722043083752202,237880_2025Q3,,83815552800.0,4720043216.0,0.0563146463671596,305257837118.0,-0.04274905401198305,-0.016861807056944504,0.04567400793304798,0,0,0,26.444422624031887,연결,직접,1,True
237880,클리오,2025Q4,2026-02-13,잠정실적,브랜드,v1,False,2026-02-13,2팩터시장모델,220,-0.0021799525999172,0.6980531588895107,0.3855807746939645,0.2797028844883177,-0.0111820845384378,-0.0034767765608553,-0.06418465899545,-0.0379298124576061,237880_2025Q4,,80622381967.0,7045696780.0,0.0873913249410556,299252972651.0,0.030315680296670165,0.085986702377103,0.007693064393134281,0,0,0,26.424555115005997,연결,역산,1,True
237880,클리오,2026Q1,2026-05-11,잠정실적,브랜드,v1,False,2026-05-11,2팩터시장모델,220,-0.0030547913946757,0.6032565971437616,0.3891883432017672,0.4770277203639788,-0.0026718007014821,0.0103957983816382,-0.0181611227762249,0.0759813015824492,237880_2026Q1,,78347769781.0,5794939968.0,0.0739643257772134,332869224627.0,-0.04843605439700357,0.0600041229732028,-0.03875115093877595,0,0,0,26.53101553095478,연결,직접,1,True
237880,클리오,2026Q2,2026-08-13,잠정실적,브랜드,v1,False,2026-08-13,2팩터시장모델,220,-0.0021823339888281,0.5532324494628622,0.4300557673183104,0.5476415844566844,0.1990710474007133,0.1333824753899704,,0.0387850700919949,237880_2026Q2,,86805271275.0,11617333896.0,0.1338321247703514,333811143188.0,0.05692853221766124,0.09096394444026559,0.04677045353199952,0,0,0,26.53384123044499,연결,직접,1,True
241710,코스메카코리아,2022Q3,2022-11-04,잠정실적,ODM,v1,False,2022-11-04,2팩터시장모델,220,-0.0009088607842437,0.8640254789391666,0.8677464560151857,0.5296983068307671,-0.0154209875717687,0.1989300221272412,0.1391867646620444,-0.1287578239360864,241710_2022Q3,,103544135699.0,2935633128.0,0.0283515151117182,413918411974.0,0.06413048973409903,-0.039064514568856304,0.02750550089363975,0,0,0,26.748934718823815,연결,직접,1,True
241710,코스메카코리아,2022Q4,2023-02-23,잠정실적,ODM,v1,False,2023-02-23,2팩터시장모델,220,-0.0002819342804445,1.0188471566500552,0.8971489853394213,0.3977514347348726,-0.0246059361082337,0.0097416868130577,-0.0409120735887807,-0.0577372268130178,241710_2022Q4,,106446103844.0,3758038342.0,0.0353046115009293,392755634294.0,0.13580838931788042,0.020447523994768096,-0.00011315504809506403,0,0,0,26.696453459730993,연결,역산,1,True
241710,코스메카코리아,2023Q1,2023-05-09,잠정실적,ODM,v1,False,2023-05-09,2팩터시장모델,220,-0.0013180490013988,1.0615516731726404,0.7988651810157582,0.3955780135273955,0.2648654219419418,0.4816705813565991,0.5635925197526654,0.0783502266353573,241710_2023Q1,,115932322832.0,9254056180.0,0.0798229169738128,401209879415.0,0.3026505373869377,0.0729408677816478,0.037387700976035235,0,0,0,26.71775051739452,연결,직접,1,True
241710,코스메카코리아,2023Q2,2023-08-09,잠정실적,ODM,v1,False,2023-08-09,2팩터시장모델,220,0.0042538019878516,0.8335076536678059,1.4621861803387382,0.322146796106149,-0.2362555796603923,-0.2777917830675856,-0.404278210823187,0.0446969087671958,241710_2023Q2,,115651142905.0,11164348373.0,0.0965346998963148,390936126740.0,0.15176910316730938,0.0660474072362578,0.013505392828525805,0,0,0,26.69181002486606,연결,직접,1,True
241710,코스메카코리아,2023Q3,2023-11-06,잠정실적,ODM,v1,False,2023-11-06,2팩터시장모델,220,0.0068993468031581,0.434196580410104,1.0920411901816638,0.2035517195010808,0.1058398450041205,0.1165295398301126,0.0965932289488077,0.2087306824036207,241710_2023Q3,,116399125357.0,13700630563.0,0.1177038961502477,422873114919.0,0.12414985717171957,0.08935238103852951,-0.005351666810978648,0,0,0,26.770338006263774,연결,직접,1,True
241710,코스메카코리아,2023Q4,2024-02-23,잠정실적,ODM,v1,False,2024-02-23,2팩터시장모델,220,0.0071933055163201,0.1579772698147753,1.1748841797897809,0.2312454491755124,-0.0481422958366788,-0.0820820928280182,-0.3288599580049806,0.0172369317052439,241710_2023Q4,,122736520197.0,15035040393.0,0.1224985063033219,432625587075.0,0.1530391039663988,0.0871938948023926,-0.019299432489189132,0,0,0,26.793138495907645,연결,역산,1,True
241710,코스메카코리아,2024Q1,2024-05-10,잠정실적,ODM,v1,False,2024-05-10,2팩터시장모델,220,0.0065099824609859,-0.0484010055980751,1.049684756386052,0.1925095216121078,-0.1021619727693368,-0.1386772993414975,0.0278712487543741,-0.0862702420691134,241710_2024Q1,,125588030441.0,13730406370.0,0.1093289409968922,457373597424.0,0.08328745058435767,0.02950602402307939,-0.02809122176780522,0,0,0,26.848766393703325,연결,직접,1,True
241710,코스메카코리아,2024Q2,2024-08-12,잠정실적,ODM,v1,False,2024-08-12,2팩터시장모델,220,0.006028754114023,0.0423576617357387,0.947822340105194,0.254447056964427,0.0452256139910049,0.1019188621203714,0.1183341097977692,-0.1224298247637351,241710_2024Q2,,143769968969.0,18093595214.0,0.1258510059072307,487303253033.0,0.2431348740504693,0.029316306010915893,0.01688699560423146,0,0,0,26.912152462400513,연결,직접,1,True
241710,코스메카코리아,2024Q3,2024-11-08,잠정실적,ODM,v1,False,2024-11-08,2팩터시장모델,220,0.0051177775239595,0.3752312496153031,1.0242139521686469,0.3578126484787387,-0.0627099646304386,-0.1269078332360806,-0.3881421457105449,-0.0291191359067719,241710_2024Q3,,126627253579.0,15207289524.0,0.1200949171223436,478123427762.0,0.0878711776452786,0.0023910209720958975,-0.022911288932678367,0,0,0,26.893134753180888,연결,직접,1,True
241710,코스메카코리아,2024Q4,2025-02-21,잠정실적,ODM,v1,False,2025-02-21,2팩터시장모델,220,0.0027167891164078,0.7794963135497712,0.9743389673215134,0.4156613623936092,-0.0838126592373562,-0.1348533969691643,-0.066813666536002,-0.1263414744158718,241710_2024Q4,,128343391695.0,13331175358.0,0.1038711474111631,517949507835.0,0.04568217747252905,-0.018627358892158802,-0.02653343917069532,0,0,0,26.97314359923287,연결,역산,1,True
241710,코스메카코리아,2025Q1,2025-05-12,잠정실적,ODM,v1,False,2025-05-12,2팩터시장모델,220,0.0021865917221341,0.8016644688748555,1.007633500952707,0.4311988062451277,-0.0392585072105224,-0.0912682864422217,0.045743517903261,-0.1430480591392711,241710_2025Q1,,118366010963.0,12290023963.0,0.1038306846958096,538389318233.0,-0.05750563531126346,-0.005498256301082596,-0.015034662041253434,0,0,0,27.01184777524542,연결,누계보완,1,True
241710,코스메카코리아,2025Q2,2025-08-11,잠정실적,ODM,v1,False,2025-08-11,2팩터시장모델,220,-0.0007271117475924,0.915696878704202,1.052303215543418,0.4383947390065892,0.02299113965997,0.0123024295248625,0.0957826959594825,-0.0012686834500924,241710_2025Q2,,161733978593.0,23016587256.0,0.1423113897044524,580128605093.0,0.1249496661425408,0.0164603837972217,0.08104526541071141,0,0,0,27.08651564882673,연결,직접,1,True
241710,코스메카코리아,2025Q3,2025-11-06,잠정실적,ODM,v1,False,2025-11-06,2팩터시장모델,220,-0.0007656078323491,1.0045644637629043,1.1089536053645834,0.4597431875835219,0.1696468592346474,0.1495021906968509,0.1311209922694448,0.0986743774516818,241710_2025Q3,,182371114252.0,27193065325.0,0.1491084014951221,624490113479.0,0.44022008767822335,0.02901348437277851,0.03089914141618621,0,0,0,27.160201335288253,연결,직접,1,True
241710,코스메카코리아,2025Q4,2026-02-20,잠정실적,ODM,v1,False,2026-02-20,2팩터시장모델,220,0.0012735886816453,0.725433753083089,1.196799450572979,0.405601940312432,-0.1489429163953667,-0.1115485751278547,-0.1195803225623157,0.2933221681505172,241710_2025Q4,,178457968968.0,21037230681.0,0.1178833918297718,631824856424.0,0.39047259552010394,0.014012244418608696,-0.06163098603331176,0,0,0,27.171878066775395,연결,역산,1,True
241710,코스메카코리아,2026Q1,2026-05-08,잠정실적,ODM,v1,False,2026-05-08,2팩터시장모델,220,0.0021274172585765,0.4826806384317956,1.1644118232648448,0.3652045022521485,0.0892418544158369,0.1257224371071195,-0.0182162989639917,-0.1275939015163543,241710_2026Q1,,185142797724.0,21880306993.0,0.1181807084152302,677149116570.0,0.5641550831840886,0.01435002371942061,-0.035693769621281644,0,0,0,27.241157346417243,연결,직접,1,True
241710,코스메카코리아,2026Q2,2026-08-10,잠정실적,ODM,v1,False,2026-08-10,2팩터시장모델,220,4.71416346600063e-05,0.4818708093006498,1.1695165156150502,0.3786309548776642,0.0962006795596808,0.1941047324115581,,-0.033999019495446,241710_2026Q2,,226080046334.0,32056578777.0,0.1417930476254464,734664983325.0,0.39785126354261935,-0.0005183420790060012,0.049389365636469944,0,0,0,27.32268042724857,연결,직접,1,True
257720,실리콘투,2022Q3,2022-11-08,정기보고서,유통,v1,False,2022-11-08,2팩터시장모델,220,0.0006364375437413,1.005592379948097,0.2676688081503501,0.0837101033160886,-0.0190472873222039,-0.0298837481517723,-0.0518326581537909,0.210999525727417,257720_2022Q3,,46106186815.0,4965981372.0,0.1077074838551686,134746590997.0,0.4439581853791305,0.04469355009963119,0.05045022603654672,0,0,0,25.626661747691937,연결,직접,0,True
257720,실리콘투,2022Q4,2023-03-22,정기보고서,유통,v1,False,2023-03-22,2팩터시장모델,220,0.0033648330125896,1.232696066741502,0.306497525156889,0.0984262579059178,-0.0711567017745557,-0.0681993499944551,-0.1421071375383206,-0.0125268336427305,257720_2022Q4,,46605743538.0,4477504670.0,0.096071950152437,129216316028.0,0.3778153410527189,0.06733142489111249,-0.026828421844198706,0,0,0,25.584753705368065,연결,역산,0,True
257720,실리콘투,2023Q1,2023-05-09,정기보고서,유통,v1,False,2023-05-09,2팩터시장모델,220,0.0027433792230289,1.2331506896807962,0.3405048504582507,0.0995714889028728,0.4150271333057,0.4801606155489569,0.5345871574391617,-0.0130965857886541,257720_2023Q1,,58011999795.0,7416732111.0,0.1278482406607062,143520290052.0,0.6437966396230081,0.06267619305444821,0.027688158349584078,0,0,0,25.689742256241477,연결,직접,0,True
257720,실리콘투,2023Q2,2023-08-11,정기보고서,유통,v1,False,2023-08-11,2팩터시장모델,220,0.0054486007308803,1.0746877025765793,0.8721533196894327,0.1619057474382189,-0.0126417324602492,-0.0475746735434767,-0.1339771578362421,-0.048061105992452,257720_2023Q2,,78220222058.0,10382067735.0,0.1327286916585552,167965339144.0,1.0988144831668902,0.06575744146966919,0.02524348694683937,0,0,0,25.847023480444832,연결,직접,0,True
257720,실리콘투,2023Q3,2023-11-14,정기보고서,유통,v1,False,2023-11-14,2팩터시장모델,220,0.00663013039353,0.7799741494451764,0.9113160045122378,0.1508757992611745,0.0475037474210023,0.0945409072557147,-0.0527189457418079,-0.1803387657715842,257720_2023Q3,,100951476394.0,15129300746.0,0.1498670577828141,192260875419.0,1.1895429522086796,0.042159573927645494,0.03488663828703866,0,0,0,25.982119012881736,연결,직접,0,True
257720,실리콘투,2023Q4,2024-02-20,잠정실적,유통,v1,False,2024-02-20,2팩터시장모델,220,0.0047195878097381,0.6293266051052688,0.8848703220265546,0.1543197293841072,0.2517947454094017,0.1431701356247285,0.3154521135428825,-0.1597286446185823,257720_2023Q4,,105677299699.0,14881242878.0,0.140817781305788,215270561079.0,1.267473742004266,0.04474583115335101,-0.030284076236008213,0,0,0,26.095161497545988,연결,역산,1,True
257720,실리콘투,2024Q1,2024-05-09,정기보고서,유통,v1,False,2024-05-09,2팩터시장모델,220,0.0067973964352337,0.5642512287534098,1.0028389628418677,0.164333807381282,0.4806232666650705,0.5870644676166481,0.8465810106972843,0.04907695324781,257720_2024Q1,,149927172667.0,29449231318.0,0.1964235754876072,311103637019.0,1.5844165551404088,0.06857533482690098,0.07144604898467294,0,0,0,26.46339193161741,연결,직접,0,True
257720,실리콘투,2024Q2,2024-08-13,정기보고서,유통,v1,False,2024-08-13,2팩터시장모델,220,0.0093674755546545,0.7078040595838652,1.1611520233720212,0.2261118798086644,-0.0623828718816887,-0.0569964805988266,-0.1821562770356888,0.0576218337209116,257720_2024Q2,,181360484748.0,38940941740.0,0.214715690653939,392711498890.0,1.3185882112878928,0.08198699899538381,0.03993219835380851,0,0,0,26.69634107971614,연결,직접,0,True
257720,실리콘투,2024Q3,2024-11-14,정기보고서,유통,v1,False,2024-11-14,2팩터시장모델,220,0.0091276642015271,1.0751682786753705,1.4257061740520245,0.3519002802153387,-0.2366440015148892,-0.2762856877143894,-0.4443021950562288,0.0222182633556997,257720_2024Q3,,186674420221.0,42596162082.0,0.2281842473734284,417121593571.0,0.849149976692118,0.07831718959061432,-0.018774639502567157,0,0,0,26.756643607538095,연결,직접,0,True
257720,실리콘투,2024Q4,2025-02-25,잠정실적,유통,v1,False,2025-02-25,2팩터시장모델,220,0.0090775024280011,1.5107067945335348,1.4965717167943615,0.4253224758415528,-0.2794219949913557,-0.3612557963873666,-0.438231314249791,-0.0352355059839488,257720_2024Q4,,173560291275.0,26588677141.0,0.1531956241008561,457759144111.0,0.6423611482253114,0.012377842795068095,-0.16154233301888088,0,0,0,26.849608996513414,연결,역산,1,True
257720,실리콘투,2025Q1,2025-05-12,정기보고서,유통,v1,False,2025-05-12,2팩터시장모델,220,0.0059526927970152,1.3971519928842278,1.4213788993472627,0.3886471166514063,-0.0756476613233174,-0.1067527932304496,0.133780880020416,0.0977723091944774,257720_2025Q1,,245676632694.0,47729228743.0,0.1942766319271749,590487014088.0,0.6386398030707019,-0.002146943560432296,0.05929373933638977,0,0,0,27.104213480958443,연결,직접,0,True
257720,실리콘투,2025Q2,2025-08-11,잠정실적,유통,v1,False,2025-08-11,2팩터시장모델,220,0.0025723826955889,1.4779692122061583,1.2947645906150815,0.4297635941028827,-0.092691868229813,-0.0574669969169285,-0.1860052017512131,-0.1048791660650579,257720_2025Q2,,265286436523.0,52181838032.0,0.1966999848010544,593078908742.0,0.46275765027654686,-0.01801570585288459,0.04006515269987619,0,0,0,27.108593294110054,연결,직접,1,True
257720,실리콘투,2025Q3,2025-11-10,잠정실적,유통,v1,False,2025-11-10,2팩터시장모델,220,0.001075020529323,1.3430210355607075,1.2822001895608022,0.3611314757556292,0.1051085480189205,0.1847746322708533,0.1070620565670844,-0.04085295217022,257720_2025Q3,,299375144222.0,63073092892.0,0.2106824634887808,668116410713.0,0.6037288015550065,-0.017501783884647598,0.02780698962545422,0,0,0,27.227728262834667,연결,직접,1,True
257720,실리콘투,2025Q4,2026-02-26,잠정실적,유통,v1,False,2026-02-26,2팩터시장모델,220,0.0014920935678214,0.9069516977006716,1.198172246920744,0.3035163218552712,0.0042802193813346,0.0244924413148755,-0.0747934116347641,-0.1633014063509257,257720_2025Q4,,305949150665.0,42377792190.0,0.1385125341838314,709448340772.0,0.7627831136802752,-0.014683089917024716,-0.10946878288337547,0,0,0,27.287753520144445,연결,역산,1,True
257720,실리콘투,2026Q1,2026-05-12,잠정실적,유통,v1,False,2026-05-12,2팩터시장모델,220,-0.0006033241612188,0.7087030451165404,1.2746339975117302,0.4041300514486422,-0.0448956291825217,0.0017282359895393,-0.0498911208098336,-0.0893063565256621,257720_2026Q1,,346556192213.0,64540111638.0,0.1862327469201082,840820354905.0,0.4106192697807345,-0.008043885007066709,0.04181251900584692,0,0,0,27.457643865189716,연결,직접,1,True
257720,실리콘투,2026Q2,2026-08-12,잠정실적,유통,v1,False,2026-08-12,2팩터시장모델,220,-0.0019490816211165,0.5967813796279509,1.0388236201697498,0.4011848807930235,-0.0044949531654128,0.108188722465046,,-0.080123468314463,257720_2026Q2,,402597050816.0,82969819438.0,0.2060865057750259,964458684428.0,0.5175937982079809,0.009386520973971496,0.057953059203266155,0,0,0,27.594832832115493,연결,직접,1,True
278470,에이피알,2023Q4,2024-03-21,정기보고서,브랜드,v1,True,2024-03-21,2팩터시장모델,588,0.0028470297876573,0.4595655712941672,0.80036684782633,0.2578028081928459,-0.0042870318505892,-0.0513397598310957,-0.249036574839448,,278470_2023Q4,,152019402654.0,34359650516.0,0.2260214809171657,287309488243.0,0.18661141476040996,0.06415754286468059,0.0689105213519556,0,0,0,26.38382582794497,연결,역산,0,False
278470,에이피알,2024Q1,2024-05-02,잠정실적,브랜드,v1,True,2024-05-02,시장조정모델,13,,1.0,,,0.0510271367630056,0.1780096258770639,0.2548992231356871,0.1614285640110611,278470_2024Q1,,148928031349.0,27765383701.0,0.1864349071796579,435459494779.0,0.2189338568602292,-0.0033631002566410773,-0.03981464516310352,0,0,0,26.799667620369203,연결,직접,1,False
278470,에이피알,2024Q2,2024-07-31,잠정실적,브랜드,v1,True,2024-07-31,2팩터시장모델,74,0.0038300404720614,-0.1003116529172649,0.5137859239127291,0.0703864147537625,-0.1270433100733645,-0.197132243783179,0.0124174234528206,-0.2515040794450436,278470_2024Q2,,155493932205.0,28011311863.0,0.1801440832177969,464737227353.0,0.21791450934706064,-0.013985284243714202,-0.02920645686362012,0,0,0,26.864737980336525,연결,직접,1,False
278470,에이피알,2024Q3,2024-11-06,잠정실적,브랜드,v1,False,2024-11-06,2팩터시장모델,137,0.0002308887897432,0.5908293681633288,0.7115732407563744,0.178250144490101,0.0548010846577379,-0.0001052987420321,0.237199804904978,0.0128753498568402,278470_2024Q3,,174117291161.0,27243326884.0,0.1564653728664379,483856924245.0,0.42790783542605665,-0.022803460779239088,-0.021369321792742223,0,0,0,26.90505508889743,연결,직접,1,True
278470,에이피알,2024Q4,2025-02-10,잠정실적,브랜드,v1,False,2025-02-10,2팩터시장모델,198,5.2305215575008685e-05,0.8387333442766728,0.6475444908711592,0.2007544448105251,0.0532505286220718,0.1170604764533808,0.3404288720106605,-0.0757703000768718,278470_2024Q4,,244214607586.0,39685522001.0,0.1625026545024534,565143563187.0,0.606469985557295,-0.06351882641471229,0.06394525126020857,0,0,0,27.06034562995269,연결,역산,1,True
278470,에이피알,2025Q1,2025-05-08,잠정실적,브랜드,v1,False,2025-05-08,2팩터시장모델,220,0.0022988519726757,1.0518072911667975,0.7110760854384768,0.2762108615806657,0.2846995040758981,0.3776182273373026,0.385680960936366,0.0801378134452534,278470_2025Q1,,266032725955.0,54568141909.0,0.2051181549680106,581191093787.0,0.7863173476830244,0.018683247788352703,0.05692400535361796,0,0,0,27.08834544468996,연결,직접,1,True
278470,에이피알,2025Q2,2025-08-06,잠정실적,브랜드,v1,False,2025-08-06,2팩터시장모델,220,0.0043226852958578,1.0643865867037354,0.6817588652281265,0.2591786816739791,0.1132460364575415,0.1254847530639029,0.0908724721774443,0.0798085660743283,278470_2025Q2,,327734894608.0,84552442450.0,0.2579903569655963,651336744900.0,1.107702146061372,0.0778462737477994,0.07367904934530144,0,0,0,27.202292618687167,연결,직접,1,True
278470,에이피알,2025Q3,2025-11-06,잠정실적,브랜드,v1,False,2025-11-06,2팩터시장모델,220,0.0057776382898536,1.0402685414429074,0.8513382786580106,0.280251679543134,-0.0882271812583611,-0.2010225332188224,-0.0998325530018516,-0.0753976934984081,278470_2025Q3,,385942757341.0,96127667281.0,0.2490723441561214,617130435828.0,1.2165676640588936,0.09260697128968348,-0.005408011011477158,0,0,0,27.148346241796144,연결,직접,1,True
278470,에이피알,2025Q4,2026-02-04,잠정실적,브랜드,v1,False,2026-02-04,2팩터시장모델,220,0.0070607254078421,0.4303561593035043,1.0736192428977798,0.27262851983695,0.0353099937179784,-0.0069999618816322,0.1416475042599996,-0.0225862947184681,278470_2025Q4,,547634595477.0,130272377294.0,0.2378819350894556,771737546894.0,1.2424317729812737,0.07537928058700219,0.02138515332162184,0,0,0,27.37191036400672,연결,역산,1,True
278470,에이피알,2026Q1,2026-05-07,잠정실적,브랜드,v1,False,2026-05-07,2팩터시장모델,220,0.0061954588914983,0.4194598819816957,1.068038060939808,0.2914554048290197,0.0083306841282424,-0.044027419813132,-0.0687470601567191,-0.006261386665242,278470_2026Q1,,593355595556.0,152271694994.0,0.2566280593533711,952996015797.0,1.2303857295224925,0.05150990438536046,0.0020553526808105575,0,0,0,27.582876559896178,연결,직접,1,True
278470,에이피알,2026Q2,2026-08-05,잠정실적,브랜드,v1,False,2026-08-05,2팩터시장모델,220,0.0022004776540456,0.3961522441314535,0.9371637886183743,0.3015886115412177,-0.0047244897048951,-0.1028473863517114,,-0.2090657799528264,278470_2026Q2,,767533293305.0,190553013038.0,0.2482667718783615,1102085656477.0,1.3419333916915923,-0.00972358508723481,0.020092093406913505,0,0,0,27.728225551839135,연결,직접,1,True
483650,달바글로벌,2025Q2,2025-08-08,잠정실적,브랜드,v1,True,2025-08-08,시장조정모델,23,,1.0,,,-0.185961006339681,-0.2780024940312835,-0.3453654947854233,0.040950370061319,483650_2025Q2,,128372734047.0,29230269832.0,0.2276984287122698,237001236727.0,,,,0,0,0,26.19133119632531,연결,직접,1,False
483650,달바글로벌,2025Q3,2025-11-05,잠정실적,브랜드,v1,True,2025-11-05,2팩터시장모델,80,0.0021858278132272,1.2548510057675084,1.4404230401669764,0.3214981258625614,-0.157314471492354,-0.1684172619354385,-0.1700278037586633,-0.0004097131474536,483650_2025Q3,,114165748515.0,16652191024.0,0.1458597805436549,257810703067.0,0.5496456994914247,-0.044771418966600696,-0.18027773654281118,0,0,0,26.27549144352918,연결,직접,1,False
483650,달바글로벌,2025Q4,2026-02-20,잠정실적,브랜드,v1,False,2026-02-20,2팩터시장모델,151,0.0016581247242803,0.3750158048744199,1.228381940147887,0.2679739755232339,0.0216255541616981,0.0334448783033275,-0.0493572256356212,-0.0228376856433312,483650_2025Q4,,163437123886.0,25535813946.0,0.1562424334131799,255334642397.0,0.714407007584073,0.014877734854019387,0.006159847986570145,0,0,0,26.265840844886952,연결,역산,1,True
483650,달바글로벌,2026Q1,2026-05-12,잠정실적,브랜드,v1,False,2026-05-12,2팩터시장모델,205,8.608671489517129e-05,0.5481735290400737,1.1322789056515676,0.3259432884856419,0.1993952235145129,0.1021836749923944,0.1272130892146938,0.0928006129840803,483650_2026Q1,,171242032413.0,45090464054.0,0.263314230849884,298481034907.0,0.5052942252580613,-0.0008487638928156294,0.15331589111942182,0,0,0,26.42197223311074,연결,직접,1,True
483650,달바글로벌,2026Q2,2026-08-13,잠정실적,브랜드,v1,False,2026-08-13,2팩터시장모델,220,-1.991547817055189e-05,0.3533400765933167,1.0020106631931824,0.3152338605009124,-0.1290248720841933,-0.1975813146306228,,0.0160267731696201,483650_2026Q2,,186860908470.0,47240874551.0,0.2528130411962778,339944196483.0,0.4556121271171667,0.02511461248400798,0.021393658377946982,0,0,0,26.55204731309497,연결,직접,1,True
