종목코드,종목명,유형,포함버전,corp_code,공시유형,접수일자,접수번호,제출인,공시명,정정여부,구분,대상연도,대상분기
018290,브이티,브랜드,v1,00150165,정기공시,20221111,20221111000592,브이티,분기보고서 (2022.09),False,정기보고서,2022.0,3.0
018290,브이티,브랜드,v1,00150165,거래소공시,20230228,20230228900515,브이티,매출액또는손익구조30%(대규모법인은15%)이상변동,False,잠정실적,2022.0,4.0
018290,브이티,브랜드,v1,00150165,거래소공시,20230314,20230314901282,브이티,[기재정정]매출액또는손익구조30%(대규모법인은15%)이상변동,True,잠정실적,2022.0,4.0
018290,브이티,브랜드,v1,00150165,정기공시,20230321,20230321000980,브이티,사업보고서 (2022.12),False,정기보고서,2022.0,4.0
018290,브이티,브랜드,v1,00150165,정기공시,20230515,20230515001206,브이티,분기보고서 (2023.03),False,정기보고서,2023.0,1.0
018290,브이티,브랜드,v1,00150165,정기공시,20230811,20230811001951,브이티,[기재정정]반기보고서 (2023.06),True,정기보고서,2023.0,2.0
018290,브이티,브랜드,v1,00150165,정기공시,20230811,20230811001560,브이티,반기보고서 (2023.06),False,정기보고서,2023.0,2.0
018290,브이티,브랜드,v1,00150165,정기공시,20231109,20231109000309,브이티,분기보고서 (2023.09),False,정기보고서,2023.0,3.0
018290,브이티,브랜드,v1,00150165,정기공시,20231124,20231124000366,브이티,[기재정정]반기보고서 (2023.06),True,정기보고서,2023.0,2.0
018290,브이티,브랜드,v1,00150165,거래소공시,20240226,20240226900528,브이티,매출액또는손익구조30%(대규모법인은15%)이상변동,False,잠정실적,2023.0,4.0
018290,브이티,브랜드,v1,00150165,거래소공시,20240313,20240313901061,브이티,[기재정정]매출액또는손익구조30%(대규모법인은15%)이상변동,True,잠정실적,2023.0,4.0
018290,브이티,브랜드,v1,00150165,정기공시,20240320,20240320001799,브이티,사업보고서 (2023.12),False,정기보고서,2023.0,4.0
018290,브이티,브랜드,v1,00150165,정기공시,20240513,20240513000616,브이티,분기보고서 (2024.03),False,정기보고서,2024.0,1.0
018290,브이티,브랜드,v1,00150165,정기공시,20240812,20240812000634,브이티,반기보고서 (2024.06),False,정기보고서,2024.0,2.0
018290,브이티,브랜드,v1,00150165,정기공시,20240813,20240812001019,브이티,[기재정정]반기보고서 (2024.06),True,정기보고서,2024.0,2.0
018290,브이티,브랜드,v1,00150165,정기공시,20241114,20241114002071,브이티,분기보고서 (2024.09),False,정기보고서,2024.0,3.0
018290,브이티,브랜드,v1,00150165,거래소공시,20250226,20250226900601,브이티,매출액또는손익구조30%(대규모법인은15%)이상변동,False,잠정실적,2024.0,4.0
018290,브이티,브랜드,v1,00150165,거래소공시,20250312,20250312900885,브이티,[기재정정]매출액또는손익구조30%(대규모법인은15%)이상변동,True,잠정실적,2024.0,4.0
018290,브이티,브랜드,v1,00150165,정기공시,20250319,20250319000919,브이티,사업보고서 (2024.12),False,정기보고서,2024.0,4.0
018290,브이티,브랜드,v1,00150165,정기공시,20250513,20250513000509,브이티,분기보고서 (2025.03),False,정기보고서,2025.0,1.0
018290,브이티,브랜드,v1,00150165,정기공시,20250812,20250812000592,브이티,반기보고서 (2025.06),False,정기보고서,2025.0,2.0
018290,브이티,브랜드,v1,00150165,정기공시,20251114,20251114001429,브이티,분기보고서 (2025.09),False,정기보고서,2025.0,3.0
018290,브이티,브랜드,v1,00150165,거래소공시,20260226,20260226901115,브이티,매출액또는손익구조30%(대규모법인은15%)이상변동,False,잠정실적,2025.0,4.0
018290,브이티,브랜드,v1,00150165,거래소공시,20260312,20260312901133,브이티,[기재정정]매출액또는손익구조30%(대규모법인은15%)이상변동,True,잠정실적,2025.0,4.0
018290,브이티,브랜드,v1,00150165,정기공시,20260319,20260319001002,브이티,사업보고서 (2025.12),False,정기보고서,2025.0,4.0
018290,브이티,브랜드,v1,00150165,정기공시,20260515,20260515002975,브이티,분기보고서 (2026.03),False,정기보고서,2026.0,1.0
018290,브이티,브랜드,v1,00150165,정기공시,20260813,20260813001156,브이티,반기보고서 (2026.06),False,정기보고서,2026.0,2.0
090430,아모레퍼시픽,브랜드,v1,00583424,거래소공시,20221031,20221031800374,아모레퍼시픽,연결재무제표기준영업(잠정)실적(공정공시),False,잠정실적,2022.0,3.0
090430,아모레퍼시픽,브랜드,v1,00583424,정기공시,20221114,20221114001205,아모레퍼시픽,분기보고서 (2022.09),False,정기보고서,2022.0,3.0
090430,아모레퍼시픽,브랜드,v1,00583424,거래소공시,20230201,20230201800392,아모레퍼시픽,연결재무제표기준영업(잠정)실적(공정공시),False,잠정실적,2022.0,4.0
090430,아모레퍼시픽,브랜드,v1,00583424,정기공시,20230309,20230309000802,아모레퍼시픽,사업보고서 (2022.12),False,정기보고서,2022.0,4.0
090430,아모레퍼시픽,브랜드,v1,00583424,거래소공시,20230502,20230502800525,아모레퍼시픽,연결재무제표기준영업(잠정)실적(공정공시),False,잠정실적,2023.0,1.0
090430,아모레퍼시픽,브랜드,v1,00583424,정기공시,20230515,20230515000993,아모레퍼시픽,분기보고서 (2023.03),False,정기보고서,2023.0,1.0
090430,아모레퍼시픽,브랜드,v1,00583424,거래소공시,20230726,20230726800202,아모레퍼시픽,연결재무제표기준영업(잠정)실적(공정공시),False,잠정실적,2023.0,2.0
090430,아모레퍼시픽,브랜드,v1,00583424,정기공시,20230814,20230814001440,아모레퍼시픽,반기보고서 (2023.06),False,정기보고서,2023.0,2.0
090430,아모레퍼시픽,브랜드,v1,00583424,거래소공시,20231031,20231031800007,아모레퍼시픽,연결재무제표기준영업(잠정)실적(공정공시),False,잠정실적,2023.0,3.0
090430,아모레퍼시픽,브랜드,v1,00583424,정기공시,20231114,20231114001116,아모레퍼시픽,분기보고서 (2023.09),False,정기보고서,2023.0,3.0
090430,아모레퍼시픽,브랜드,v1,00583424,거래소공시,20240130,20240130800423,아모레퍼시픽,연결재무제표기준영업(잠정)실적(공정공시),False,잠정실적,2023.0,4.0
090430,아모레퍼시픽,브랜드,v1,00583424,정기공시,20240307,20240307000545,아모레퍼시픽,사업보고서 (2023.12),False,정기보고서,2023.0,4.0
090430,아모레퍼시픽,브랜드,v1,00583424,거래소공시,20240429,20240429800584,아모레퍼시픽,연결재무제표기준영업(잠정)실적(공정공시),False,잠정실적,2024.0,1.0
090430,아모레퍼시픽,브랜드,v1,00583424,정기공시,20240516,20240516000601,아모레퍼시픽,분기보고서 (2024.03),False,정기보고서,2024.0,1.0
090430,아모레퍼시픽,브랜드,v1,00583424,거래소공시,20240806,20240806800655,아모레퍼시픽,연결재무제표기준영업(잠정)실적(공정공시),False,잠정실적,2024.0,2.0
090430,아모레퍼시픽,브랜드,v1,00583424,정기공시,20240814,20240814002094,아모레퍼시픽,반기보고서 (2024.06),False,정기보고서,2024.0,2.0
090430,아모레퍼시픽,브랜드,v1,00583424,거래소공시,20241031,20241031800447,아모레퍼시픽,연결재무제표기준영업(잠정)실적(공정공시),False,잠정실적,2024.0,3.0
090430,아모레퍼시픽,브랜드,v1,00583424,정기공시,20241114,20241114001073,아모레퍼시픽,분기보고서 (2024.09),False,정기보고서,2024.0,3.0
090430,아모레퍼시픽,브랜드,v1,00583424,거래소공시,20250206,20250206800727,아모레퍼시픽,연결재무제표기준영업(잠정)실적(공정공시),False,잠정실적,2024.0,4.0
090430,아모레퍼시픽,브랜드,v1,00583424,정기공시,20250317,20250317000429,아모레퍼시픽,사업보고서 (2024.12),False,정기보고서,2024.0,4.0
090430,아모레퍼시픽,브랜드,v1,00583424,거래소공시,20250430,20250430800003,아모레퍼시픽,연결재무제표기준영업(잠정)실적(공정공시),False,잠정실적,2025.0,1.0
090430,아모레퍼시픽,브랜드,v1,00583424,정기공시,20250515,20250515001510,아모레퍼시픽,분기보고서 (2025.03),False,정기보고서,2025.0,1.0
090430,아모레퍼시픽,브랜드,v1,00583424,거래소공시,20250801,20250801800235,아모레퍼시픽,연결재무제표기준영업(잠정)실적(공정공시),False,잠정실적,2025.0,2.0
090430,아모레퍼시픽,브랜드,v1,00583424,정기공시,20250814,20250814001993,아모레퍼시픽,반기보고서 (2025.06),False,정기보고서,2025.0,2.0
090430,아모레퍼시픽,브랜드,v1,00583424,거래소공시,20251106,20251106800593,아모레퍼시픽,연결재무제표기준영업(잠정)실적(공정공시),False,잠정실적,2025.0,3.0
090430,아모레퍼시픽,브랜드,v1,00583424,정기공시,20251114,20251114001075,아모레퍼시픽,분기보고서 (2025.09),False,정기보고서,2025.0,3.0
090430,아모레퍼시픽,브랜드,v1,00583424,거래소공시,20260206,20260206801986,아모레퍼시픽,연결재무제표기준영업(잠정)실적(공정공시),False,잠정실적,2025.0,4.0
090430,아모레퍼시픽,브랜드,v1,00583424,정기공시,20260318,20260318000785,아모레퍼시픽,사업보고서 (2025.12),False,정기보고서,2025.0,4.0
090430,아모레퍼시픽,브랜드,v1,00583424,거래소공시,20260429,20260429800003,아모레퍼시픽,연결재무제표기준영업(잠정)실적(공정공시),False,잠정실적,2026.0,1.0
090430,아모레퍼시픽,브랜드,v1,00583424,정기공시,20260515,20260515001182,아모레퍼시픽,분기보고서 (2026.03),False,정기보고서,2026.0,1.0
090430,아모레퍼시픽,브랜드,v1,00583424,거래소공시,20260730,20260730800354,아모레퍼시픽,연결재무제표기준영업(잠정)실적(공정공시),False,잠정실적,2026.0,2.0
090430,아모레퍼시픽,브랜드,v1,00583424,정기공시,20260814,20260814002449,아모레퍼시픽,반기보고서 (2026.06),False,정기보고서,2026.0,2.0
092730,네오팜,브랜드,v1,00551920,거래소공시,20221104,20221104900354,네오팜,연결재무제표기준영업(잠정)실적(공정공시),False,잠정실적,2022.0,3.0
092730,네오팜,브랜드,v1,00551920,정기공시,20221111,20221111000717,네오팜,분기보고서 (2022.09),False,정기보고서,2022.0,3.0
092730,네오팜,브랜드,v1,00551920,거래소공시,20230207,20230207900674,네오팜,연결재무제표기준영업(잠정)실적(공정공시),False,잠정실적,2022.0,4.0
092730,네오팜,브랜드,v1,00551920,정기공시,20230315,20230315000761,네오팜,사업보고서 (2022.12),False,정기보고서,2022.0,4.0
092730,네오팜,브랜드,v1,00551920,거래소공시,20230504,20230504900484,네오팜,연결재무제표기준영업(잠정)실적(공정공시),False,잠정실적,2023.0,1.0
092730,네오팜,브랜드,v1,00551920,정기공시,20230512,20230512000862,네오팜,분기보고서 (2023.03),False,정기보고서,2023.0,1.0
092730,네오팜,브랜드,v1,00551920,거래소공시,20230804,20230804900290,네오팜,연결재무제표기준영업(잠정)실적(공정공시),False,잠정실적,2023.0,2.0
092730,네오팜,브랜드,v1,00551920,정기공시,20230811,20230811001714,네오팜,반기보고서 (2023.06),False,정기보고서,2023.0,2.0
092730,네오팜,브랜드,v1,00551920,거래소공시,20231103,20231103900414,네오팜,연결재무제표기준영업(잠정)실적(공정공시),False,잠정실적,2023.0,3.0
092730,네오팜,브랜드,v1,00551920,정기공시,20231110,20231110000471,네오팜,분기보고서 (2023.09),False,정기보고서,2023.0,3.0
092730,네오팜,브랜드,v1,00551920,거래소공시,20240202,20240202900725,네오팜,연결재무제표기준영업(잠정)실적(공정공시),False,잠정실적,2023.0,4.0
092730,네오팜,브랜드,v1,00551920,거래소공시,20240202,20240202900728,네오팜,매출액또는손익구조30%(대규모법인은15%)이상변동,False,잠정실적,2023.0,4.0
092730,네오팜,브랜드,v1,00551920,정기공시,20240318,20240318000739,네오팜,사업보고서 (2023.12),False,정기보고서,2023.0,4.0
092730,네오팜,브랜드,v1,00551920,거래소공시,20240503,20240503900453,네오팜,연결재무제표기준영업(잠정)실적(공정공시),False,잠정실적,2024.0,1.0
092730,네오팜,브랜드,v1,00551920,정기공시,20240510,20240510000800,네오팜,분기보고서 (2024.03),False,정기보고서,2024.0,1.0
092730,네오팜,브랜드,v1,00551920,거래소공시,20240802,20240802900359,네오팜,연결재무제표기준영업(잠정)실적(공정공시),False,잠정실적,2024.0,2.0
092730,네오팜,브랜드,v1,00551920,정기공시,20240812,20240812000823,네오팜,반기보고서 (2024.06),False,정기보고서,2024.0,2.0
092730,네오팜,브랜드,v1,00551920,거래소공시,20241101,20241101900353,네오팜,연결재무제표기준영업(잠정)실적(공정공시),False,잠정실적,2024.0,3.0
092730,네오팜,브랜드,v1,00551920,정기공시,20241113,20241113000494,네오팜,분기보고서 (2024.09),False,정기보고서,2024.0,3.0
092730,네오팜,브랜드,v1,00551920,거래소공시,20250204,20250204900679,네오팜,연결재무제표기준영업(잠정)실적(공정공시),False,잠정실적,2024.0,4.0
092730,네오팜,브랜드,v1,00551920,정기공시,20250317,20250317000438,네오팜,사업보고서 (2024.12),False,정기보고서,2024.0,4.0
092730,네오팜,브랜드,v1,00551920,거래소공시,20250509,20250509900409,네오팜,연결재무제표기준영업(잠정)실적(공정공시),False,잠정실적,2025.0,1.0
092730,네오팜,브랜드,v1,00551920,정기공시,20250514,20250514000697,네오팜,분기보고서 (2025.03),False,정기보고서,2025.0,1.0
092730,네오팜,브랜드,v1,00551920,거래소공시,20250801,20250801900776,네오팜,연결재무제표기준영업(잠정)실적(공정공시),False,잠정실적,2025.0,2.0
092730,네오팜,브랜드,v1,00551920,정기공시,20250814,20250814002774,네오팜,반기보고서 (2025.06),False,정기보고서,2025.0,2.0
092730,네오팜,브랜드,v1,00551920,거래소공시,20251107,20251107900485,네오팜,연결재무제표기준영업(잠정)실적(공정공시),False,잠정실적,2025.0,3.0
092730,네오팜,브랜드,v1,00551920,정기공시,20251114,20251114001458,네오팜,분기보고서 (2025.09),False,정기보고서,2025.0,3.0
092730,네오팜,브랜드,v1,00551920,거래소공시,20260127,20260127900433,네오팜,연결재무제표기준영업(잠정)실적(공정공시),False,잠정실적,2025.0,4.0
092730,네오팜,브랜드,v1,00551920,정기공시,20260316,20260316001522,네오팜,사업보고서 (2025.12),False,정기보고서,2025.0,4.0
092730,네오팜,브랜드,v1,00551920,거래소공시,20260508,20260508900861,네오팜,영업(잠정)실적(공정공시),False,잠정실적,2026.0,1.0
092730,네오팜,브랜드,v1,00551920,정기공시,20260514,20260514000866,네오팜,분기보고서 (2026.03),False,정기보고서,2026.0,1.0
092730,네오팜,브랜드,v1,00551920,거래소공시,20260807,20260807900581,네오팜,영업(잠정)실적(공정공시),False,잠정실적,2026.0,2.0
092730,네오팜,브랜드,v1,00551920,정기공시,20260814,20260814002278,네오팜,반기보고서 (2026.06),False,정기보고서,2026.0,2.0
114840,아이패밀리에스씨,유통,v1,00692254,정기공시,20221114,20221114000186,아이패밀리에스씨,분기보고서 (2022.09),False,정기보고서,2022.0,3.0
114840,아이패밀리에스씨,유통,v1,00692254,거래소공시,20230216,20230216900167,아이패밀리에스씨,매출액또는손익구조30%(대규모법인은15%)이상변동,False,잠정실적,2022.0,4.0
114840,아이패밀리에스씨,유통,v1,00692254,정기공시,20230323,20230323001132,아이패밀리에스씨,사업보고서 (2022.12),False,정기보고서,2022.0,4.0
114840,아이패밀리에스씨,유통,v1,00692254,정기공시,20230515,20230515000799,아이패밀리에스씨,분기보고서 (2023.03),False,정기보고서,2023.0,1.0
114840,아이패밀리에스씨,유통,v1,00692254,정기공시,20230814,20230814000830,아이패밀리에스씨,반기보고서 (2023.06),False,정기보고서,2023.0,2.0
114840,아이패밀리에스씨,유통,v1,00692254,정기공시,20231113,20231113000110,아이패밀리에스씨,분기보고서 (2023.09),False,정기보고서,2023.0,3.0
114840,아이패밀리에스씨,유통,v1,00692254,거래소공시,20240214,20240214900627,아이패밀리에스씨,매출액또는손익구조30%(대규모법인은15%)이상변동,False,잠정실적,2023.0,4.0
114840,아이패밀리에스씨,유통,v1,00692254,정기공시,20240321,20240321001221,아이패밀리에스씨,사업보고서 (2023.12),False,정기보고서,2023.0,4.0
114840,아이패밀리에스씨,유통,v1,00692254,정기공시,20240510,20240510000600,아이패밀리에스씨,[기재정정]분기보고서 (2024.03),True,정기보고서,2024.0,1.0
114840,아이패밀리에스씨,유통,v1,00692254,정기공시,20240510,20240510000334,아이패밀리에스씨,분기보고서 (2024.03),False,정기보고서,2024.0,1.0
114840,아이패밀리에스씨,유통,v1,00692254,정기공시,20240809,20240809000237,아이패밀리에스씨,반기보고서 (2024.06),False,정기보고서,2024.0,2.0
114840,아이패밀리에스씨,유통,v1,00692254,정기공시,20241111,20241111000041,아이패밀리에스씨,분기보고서 (2024.09),False,정기보고서,2024.0,3.0
114840,아이패밀리에스씨,유통,v1,00692254,거래소공시,20250210,20250210901208,아이패밀리에스씨,매출액또는손익구조30%(대규모법인은15%)이상변동,False,잠정실적,2024.0,4.0
114840,아이패밀리에스씨,유통,v1,00692254,정기공시,20250320,20250320000516,아이패밀리에스씨,사업보고서 (2024.12),False,정기보고서,2024.0,4.0
114840,아이패밀리에스씨,유통,v1,00692254,정기공시,20250508,20250508000370,아이패밀리에스씨,분기보고서 (2025.03),False,정기보고서,2025.0,1.0
114840,아이패밀리에스씨,유통,v1,00692254,정기공시,20250814,20250814001244,아이패밀리에스씨,반기보고서 (2025.06),False,정기보고서,2025.0,2.0
114840,아이패밀리에스씨,유통,v1,00692254,정기공시,20251114,20251114000329,아이패밀리에스씨,분기보고서 (2025.09),False,정기보고서,2025.0,3.0
114840,아이패밀리에스씨,유통,v1,00692254,정기공시,20260319,20260319000741,아이패밀리에스씨,사업보고서 (2025.12),False,정기보고서,2025.0,4.0
114840,아이패밀리에스씨,유통,v1,00692254,정기공시,20260320,20260320000432,아이패밀리에스씨,[기재정정]사업보고서 (2025.12),True,정기보고서,2025.0,4.0
114840,아이패밀리에스씨,유통,v1,00692254,정기공시,20260515,20260515000627,아이패밀리에스씨,분기보고서 (2026.03),False,정기보고서,2026.0,1.0
114840,아이패밀리에스씨,유통,v1,00692254,정기공시,20260813,20260813000938,아이패밀리에스씨,반기보고서 (2026.06),False,정기보고서,2026.0,2.0
161890,한국콜마,ODM,v1,00939331,거래소공시,20221111,20221111800136,한국콜마,영업(잠정)실적(공정공시),False,잠정실적,2022.0,3.0
161890,한국콜마,ODM,v1,00939331,거래소공시,20221111,20221111800128,한국콜마,연결재무제표기준영업(잠정)실적(공정공시),False,잠정실적,2022.0,3.0
161890,한국콜마,ODM,v1,00939331,정기공시,20221114,20221114002701,한국콜마,분기보고서 (2022.09),False,정기보고서,2022.0,3.0
161890,한국콜마,ODM,v1,00939331,거래소공시,20230227,20230227800260,한국콜마,영업(잠정)실적(공정공시),False,잠정실적,2022.0,4.0
161890,한국콜마,ODM,v1,00939331,거래소공시,20230227,20230227800256,한국콜마,연결재무제표기준영업(잠정)실적(공정공시),False,잠정실적,2022.0,4.0
161890,한국콜마,ODM,v1,00939331,정기공시,20230321,20230321001296,한국콜마,사업보고서 (2022.12),False,정기보고서,2022.0,4.0
161890,한국콜마,ODM,v1,00939331,정기공시,20230322,20230322001251,한국콜마,[기재정정]사업보고서 (2022.12),True,정기보고서,2022.0,4.0
161890,한국콜마,ODM,v1,00939331,정기공시,20230512,20230512001394,한국콜마,분기보고서 (2023.03),False,정기보고서,2023.0,1.0
161890,한국콜마,ODM,v1,00939331,거래소공시,20230512,20230512800115,한국콜마,영업(잠정)실적(공정공시),False,잠정실적,2023.0,1.0
161890,한국콜마,ODM,v1,00939331,거래소공시,20230512,20230512800082,한국콜마,연결재무제표기준영업(잠정)실적(공정공시),False,잠정실적,2023.0,1.0
161890,한국콜마,ODM,v1,00939331,거래소공시,20230811,20230811800057,한국콜마,연결재무제표기준영업(잠정)실적(공정공시),False,잠정실적,2023.0,2.0
161890,한국콜마,ODM,v1,00939331,거래소공시,20230811,20230811800056,한국콜마,영업(잠정)실적(공정공시),False,잠정실적,2023.0,2.0
161890,한국콜마,ODM,v1,00939331,정기공시,20230814,20230814003077,한국콜마,반기보고서 (2023.06),False,정기보고서,2023.0,2.0
161890,한국콜마,ODM,v1,00939331,거래소공시,20231110,20231110800086,한국콜마,연결재무제표기준영업(잠정)실적(공정공시),False,잠정실적,2023.0,3.0
161890,한국콜마,ODM,v1,00939331,거래소공시,20231110,20231110800084,한국콜마,영업(잠정)실적(공정공시),False,잠정실적,2023.0,3.0
161890,한국콜마,ODM,v1,00939331,정기공시,20231114,20231114002768,한국콜마,분기보고서 (2023.09),False,정기보고서,2023.0,3.0
161890,한국콜마,ODM,v1,00939331,거래소공시,20240208,20240208800784,한국콜마,매출액또는손익구조30%(대규모법인은15%)이상변동(자회사의 주요경영사항),False,잠정실적,2023.0,4.0
161890,한국콜마,ODM,v1,00939331,거래소공시,20240227,20240227800141,한국콜마,영업(잠정)실적(공정공시),False,잠정실적,2023.0,4.0
161890,한국콜마,ODM,v1,00939331,거래소공시,20240227,20240227800140,한국콜마,연결재무제표기준영업(잠정)실적(공정공시),False,잠정실적,2023.0,4.0
161890,한국콜마,ODM,v1,00939331,정기공시,20240320,20240320001629,한국콜마,사업보고서 (2023.12),False,정기보고서,2023.0,4.0
161890,한국콜마,ODM,v1,00939331,정기공시,20240321,20240321001772,한국콜마,[기재정정]사업보고서 (2023.12),True,정기보고서,2023.0,4.0
161890,한국콜마,ODM,v1,00939331,거래소공시,20240510,20240510800096,한국콜마,연결재무제표기준영업(잠정)실적(공정공시),False,잠정실적,2024.0,1.0
161890,한국콜마,ODM,v1,00939331,거래소공시,20240510,20240510800093,한국콜마,영업(잠정)실적(공정공시),False,잠정실적,2024.0,1.0
161890,한국콜마,ODM,v1,00939331,정기공시,20240516,20240516001645,한국콜마,분기보고서 (2024.03),False,정기보고서,2024.0,1.0
161890,한국콜마,ODM,v1,00939331,거래소공시,20240809,20240809800087,한국콜마,연결재무제표기준영업(잠정)실적(공정공시),False,잠정실적,2024.0,2.0
161890,한국콜마,ODM,v1,00939331,거래소공시,20240809,20240809800086,한국콜마,영업(잠정)실적(공정공시),False,잠정실적,2024.0,2.0
161890,한국콜마,ODM,v1,00939331,정기공시,20240814,20240814002200,한국콜마,반기보고서 (2024.06),False,정기보고서,2024.0,2.0
161890,한국콜마,ODM,v1,00939331,거래소공시,20241108,20241108800103,한국콜마,연결재무제표기준영업(잠정)실적(공정공시),False,잠정실적,2024.0,3.0
161890,한국콜마,ODM,v1,00939331,거래소공시,20241108,20241108800101,한국콜마,영업(잠정)실적(공정공시),False,잠정실적,2024.0,3.0
161890,한국콜마,ODM,v1,00939331,정기공시,20241114,20241114001418,한국콜마,분기보고서 (2024.09),False,정기보고서,2024.0,3.0
161890,한국콜마,ODM,v1,00939331,거래소공시,20250211,20250211800581,한국콜마,매출액또는손익구조30%(대규모법인은15%)이상변동(자회사의 주요경영사항),False,잠정실적,2024.0,4.0
161890,한국콜마,ODM,v1,00939331,거래소공시,20250225,20250225800260,한국콜마,연결재무제표기준영업(잠정)실적(공정공시),False,잠정실적,2024.0,4.0
161890,한국콜마,ODM,v1,00939331,거래소공시,20250225,20250225800259,한국콜마,영업(잠정)실적(공정공시),False,잠정실적,2024.0,4.0
161890,한국콜마,ODM,v1,00939331,정기공시,20250318,20250318001173,한국콜마,사업보고서 (2024.12),False,정기보고서,2024.0,4.0
161890,한국콜마,ODM,v1,00939331,거래소공시,20250509,20250509800090,한국콜마,연결재무제표기준영업(잠정)실적(공정공시),False,잠정실적,2025.0,1.0
161890,한국콜마,ODM,v1,00939331,거래소공시,20250509,20250509800088,한국콜마,영업(잠정)실적(공정공시),False,잠정실적,2025.0,1.0
161890,한국콜마,ODM,v1,00939331,정기공시,20250515,20250515002436,한국콜마,분기보고서 (2025.03),False,정기보고서,2025.0,1.0
161890,한국콜마,ODM,v1,00939331,거래소공시,20250808,20250808800057,한국콜마,연결재무제표기준영업(잠정)실적(공정공시),False,잠정실적,2025.0,2.0
161890,한국콜마,ODM,v1,00939331,거래소공시,20250808,20250808800054,한국콜마,영업(잠정)실적(공정공시),False,잠정실적,2025.0,2.0
161890,한국콜마,ODM,v1,00939331,정기공시,20250814,20250814003001,한국콜마,반기보고서 (2025.06),False,정기보고서,2025.0,2.0
161890,한국콜마,ODM,v1,00939331,거래소공시,20251107,20251107800058,한국콜마,연결재무제표기준영업(잠정)실적(공정공시),False,잠정실적,2025.0,3.0
161890,한국콜마,ODM,v1,00939331,거래소공시,20251107,20251107800056,한국콜마,영업(잠정)실적(공정공시),False,잠정실적,2025.0,3.0
161890,한국콜마,ODM,v1,00939331,정기공시,20251114,20251114001172,한국콜마,분기보고서 (2025.09),False,정기보고서,2025.0,3.0
161890,한국콜마,ODM,v1,00939331,거래소공시,20260225,20260225800394,한국콜마,연결재무제표기준영업(잠정)실적(공정공시),False,잠정실적,2025.0,4.0
161890,한국콜마,ODM,v1,00939331,거래소공시,20260225,20260225800390,한국콜마,영업(잠정)실적(공정공시),False,잠정실적,2025.0,4.0
161890,한국콜마,ODM,v1,00939331,정기공시,20260318,20260318001196,한국콜마,사업보고서 (2025.12),False,정기보고서,2025.0,4.0
161890,한국콜마,ODM,v1,00939331,거래소공시,20260508,20260508800088,한국콜마,연결재무제표기준영업(잠정)실적(공정공시),False,잠정실적,2026.0,1.0
161890,한국콜마,ODM,v1,00939331,거래소공시,20260508,20260508800086,한국콜마,영업(잠정)실적(공정공시),False,잠정실적,2026.0,1.0
161890,한국콜마,ODM,v1,00939331,정기공시,20260514,20260514000877,한국콜마,분기보고서 (2026.03),False,정기보고서,2026.0,1.0
161890,한국콜마,ODM,v1,00939331,거래소공시,20260812,20260812800082,한국콜마,연결재무제표기준영업(잠정)실적(공정공시),False,잠정실적,2026.0,2.0
161890,한국콜마,ODM,v1,00939331,거래소공시,20260812,20260812800079,한국콜마,영업(잠정)실적(공정공시),False,잠정실적,2026.0,2.0
161890,한국콜마,ODM,v1,00939331,정기공시,20260814,20260814002721,한국콜마,반기보고서 (2026.06),False,정기보고서,2026.0,2.0
192820,코스맥스,ODM,v1,01009789,정기공시,20221114,20221114000994,코스맥스,분기보고서 (2022.09),False,정기보고서,2022.0,3.0
192820,코스맥스,ODM,v1,01009789,정기공시,20230322,20230322001169,코스맥스,사업보고서 (2022.12),False,정기보고서,2022.0,4.0
192820,코스맥스,ODM,v1,01009789,거래소공시,20230512,20230512800609,코스맥스,연결재무제표기준영업(잠정)실적(공정공시),False,잠정실적,2023.0,1.0
192820,코스맥스,ODM,v1,01009789,정기공시,20230515,20230515001659,코스맥스,분기보고서 (2023.03),False,정기보고서,2023.0,1.0
192820,코스맥스,ODM,v1,01009789,거래소공시,20230810,20230810800244,코스맥스,연결재무제표기준영업(잠정)실적(공정공시),False,잠정실적,2023.0,2.0
192820,코스맥스,ODM,v1,01009789,정기공시,20230811,20230811002117,코스맥스,반기보고서 (2023.06),False,정기보고서,2023.0,2.0
192820,코스맥스,ODM,v1,01009789,거래소공시,20231113,20231113800503,코스맥스,연결재무제표기준영업(잠정)실적(공정공시),False,잠정실적,2023.0,3.0
192820,코스맥스,ODM,v1,01009789,정기공시,20231114,20231114001975,코스맥스,분기보고서 (2023.09),False,정기보고서,2023.0,3.0
192820,코스맥스,ODM,v1,01009789,정기공시,20240320,20240320001628,코스맥스,사업보고서 (2023.12),False,정기보고서,2023.0,4.0
192820,코스맥스,ODM,v1,01009789,거래소공시,20240513,20240513800053,코스맥스,연결재무제표기준영업(잠정)실적(공정공시),False,잠정실적,2024.0,1.0
192820,코스맥스,ODM,v1,01009789,정기공시,20240516,20240516001029,코스맥스,분기보고서 (2024.03),False,정기보고서,2024.0,1.0
192820,코스맥스,ODM,v1,01009789,거래소공시,20240812,20240812800213,코스맥스,연결재무제표기준영업(잠정)실적(공정공시),False,잠정실적,2024.0,2.0
192820,코스맥스,ODM,v1,01009789,정기공시,20240814,20240814002635,코스맥스,반기보고서 (2024.06),False,정기보고서,2024.0,2.0
192820,코스맥스,ODM,v1,01009789,거래소공시,20241111,20241111800347,코스맥스,연결재무제표기준영업(잠정)실적(공정공시),False,잠정실적,2024.0,3.0
192820,코스맥스,ODM,v1,01009789,정기공시,20241114,20241114001836,코스맥스,[첨부추가]분기보고서 (2024.09),True,정기보고서,2024.0,3.0
192820,코스맥스,ODM,v1,01009789,정기공시,20250319,20250319000077,코스맥스,사업보고서 (2024.12),False,정기보고서,2024.0,4.0
192820,코스맥스,ODM,v1,01009789,정기공시,20250416,20250416000526,코스맥스,[기재정정]사업보고서 (2024.12),True,정기보고서,2024.0,4.0
192820,코스맥스,ODM,v1,01009789,정기공시,20250416,20250416000355,코스맥스,[기재정정]사업보고서 (2024.12),True,정기보고서,2024.0,4.0
192820,코스맥스,ODM,v1,01009789,거래소공시,20250513,20250513800554,코스맥스,연결재무제표기준영업(잠정)실적(공정공시),False,잠정실적,2025.0,1.0
192820,코스맥스,ODM,v1,01009789,정기공시,20250514,20250514001171,코스맥스,분기보고서 (2025.03),False,정기보고서,2025.0,1.0
192820,코스맥스,ODM,v1,01009789,거래소공시,20250811,20250811800469,코스맥스,연결재무제표기준영업(잠정)실적(공정공시),False,잠정실적,2025.0,2.0
192820,코스맥스,ODM,v1,01009789,정기공시,20250814,20250814000437,코스맥스,반기보고서 (2025.06),False,정기보고서,2025.0,2.0
192820,코스맥스,ODM,v1,01009789,거래소공시,20251110,20251110800303,코스맥스,연결재무제표기준영업(잠정)실적(공정공시),False,잠정실적,2025.0,3.0
192820,코스맥스,ODM,v1,01009789,정기공시,20251113,20251113000556,코스맥스,분기보고서 (2025.09),False,정기보고서,2025.0,3.0
192820,코스맥스,ODM,v1,01009789,정기공시,20260318,20260318000694,코스맥스,사업보고서 (2025.12),False,정기보고서,2025.0,4.0
192820,코스맥스,ODM,v1,01009789,거래소공시,20260512,20260512800590,코스맥스,연결재무제표기준영업(잠정)실적(공정공시),False,잠정실적,2026.0,1.0
192820,코스맥스,ODM,v1,01009789,정기공시,20260514,20260514000806,코스맥스,분기보고서 (2026.03),False,정기보고서,2026.0,1.0
192820,코스맥스,ODM,v1,01009789,거래소공시,20260811,20260811800420,코스맥스,연결재무제표기준영업(잠정)실적(공정공시),False,잠정실적,2026.0,2.0
192820,코스맥스,ODM,v1,01009789,정기공시,20260813,20260813001436,코스맥스,반기보고서 (2026.06),False,정기보고서,2026.0,2.0
214450,파마리서치,메디컬,v2,00970453,정기공시,20221114,20221114000419,파마리서치,분기보고서 (2022.09),False,정기보고서,2022.0,3.0
214450,파마리서치,메디컬,v2,00970453,거래소공시,20230215,20230215900311,파마리서치,매출액또는손익구조30%(대규모법인은15%)미만변동(자율공시),False,잠정실적,2022.0,4.0
214450,파마리서치,메디컬,v2,00970453,정기공시,20230322,20230322001252,파마리서치,사업보고서 (2022.12),False,정기보고서,2022.0,4.0
214450,파마리서치,메디컬,v2,00970453,정기공시,20230515,20230515002108,파마리서치,분기보고서 (2023.03),False,정기보고서,2023.0,1.0
214450,파마리서치,메디컬,v2,00970453,정기공시,20230811,20230811001780,파마리서치,반기보고서 (2023.06),False,정기보고서,2023.0,2.0
214450,파마리서치,메디컬,v2,00970453,정기공시,20231114,20231114002119,파마리서치,분기보고서 (2023.09),False,정기보고서,2023.0,3.0
214450,파마리서치,메디컬,v2,00970453,거래소공시,20240208,20240208901062,파마리서치,매출액또는손익구조30%(대규모법인은15%)이상변동,False,잠정실적,2023.0,4.0
214450,파마리서치,메디컬,v2,00970453,정기공시,20240315,20240315000795,파마리서치,사업보고서 (2023.12),False,정기보고서,2023.0,4.0
214450,파마리서치,메디컬,v2,00970453,거래소공시,20240510,20240510900321,파마리서치,연결재무제표기준영업(잠정)실적(공정공시),False,잠정실적,2024.0,1.0
214450,파마리서치,메디컬,v2,00970453,정기공시,20240514,20240514001617,파마리서치,분기보고서 (2024.03),False,정기보고서,2024.0,1.0
214450,파마리서치,메디컬,v2,00970453,거래소공시,20240807,20240807900256,파마리서치,연결재무제표기준영업(잠정)실적(공정공시),False,잠정실적,2024.0,2.0
214450,파마리서치,메디컬,v2,00970453,정기공시,20240814,20240814004016,파마리서치,반기보고서 (2024.06),False,정기보고서,2024.0,2.0
214450,파마리서치,메디컬,v2,00970453,정기공시,20241113,20241113000721,파마리서치,분기보고서 (2024.09),False,정기보고서,2024.0,3.0
214450,파마리서치,메디컬,v2,00970453,거래소공시,20241113,20241113900112,파마리서치,연결재무제표기준영업(잠정)실적(공정공시),False,잠정실적,2024.0,3.0
214450,파마리서치,메디컬,v2,00970453,거래소공시,20250210,20250210900912,파마리서치,매출액또는손익구조30%(대규모법인은15%)이상변동,False,잠정실적,2024.0,4.0
214450,파마리서치,메디컬,v2,00970453,정기공시,20250317,20250317000758,파마리서치,사업보고서 (2024.12),False,정기보고서,2024.0,4.0
214450,파마리서치,메디컬,v2,00970453,거래소공시,20250513,20250513900226,파마리서치,연결재무제표기준영업(잠정)실적(공정공시),False,잠정실적,2025.0,1.0
214450,파마리서치,메디컬,v2,00970453,정기공시,20250515,20250515000522,파마리서치,분기보고서 (2025.03),False,정기보고서,2025.0,1.0
214450,파마리서치,메디컬,v2,00970453,정기공시,20250521,20250521000230,파마리서치,[기재정정]분기보고서 (2025.03),True,정기보고서,2025.0,1.0
214450,파마리서치,메디컬,v2,00970453,거래소공시,20250808,20250808900097,파마리서치,연결재무제표기준영업(잠정)실적(공정공시),False,잠정실적,2025.0,2.0
214450,파마리서치,메디컬,v2,00970453,정기공시,20250814,20250814002565,파마리서치,반기보고서 (2025.06),False,정기보고서,2025.0,2.0
214450,파마리서치,메디컬,v2,00970453,거래소공시,20251111,20251111900180,파마리서치,연결재무제표기준영업(잠정)실적(공정공시),False,잠정실적,2025.0,3.0
214450,파마리서치,메디컬,v2,00970453,정기공시,20251114,20251114000932,파마리서치,분기보고서 (2025.09),False,정기보고서,2025.0,3.0
214450,파마리서치,메디컬,v2,00970453,거래소공시,20260204,20260204900782,파마리서치,매출액또는손익구조30%(대규모법인은15%)이상변동,False,잠정실적,2025.0,4.0
214450,파마리서치,메디컬,v2,00970453,정기공시,20260319,20260319001417,파마리서치,사업보고서 (2025.12),False,정기보고서,2025.0,4.0
214450,파마리서치,메디컬,v2,00970453,거래소공시,20260508,20260508900237,파마리서치,연결재무제표기준영업(잠정)실적(공정공시),False,잠정실적,2026.0,1.0
214450,파마리서치,메디컬,v2,00970453,정기공시,20260515,20260515001997,파마리서치,분기보고서 (2026.03),False,정기보고서,2026.0,1.0
214450,파마리서치,메디컬,v2,00970453,거래소공시,20260807,20260807900190,파마리서치,연결재무제표기준영업(잠정)실적(공정공시),False,잠정실적,2026.0,2.0
214450,파마리서치,메디컬,v2,00970453,정기공시,20260814,20260814002997,파마리서치,반기보고서 (2026.06),False,정기보고서,2026.0,2.0
237880,클리오,브랜드,v1,00957735,거래소공시,20221111,20221111900469,클리오,연결재무제표기준영업(잠정)실적(공정공시),False,잠정실적,2022.0,3.0
237880,클리오,브랜드,v1,00957735,정기공시,20221114,20221114001670,클리오,분기보고서 (2022.09),False,정기보고서,2022.0,3.0
237880,클리오,브랜드,v1,00957735,거래소공시,20230223,20230223900184,클리오,연결재무제표기준영업(잠정)실적(공정공시),False,잠정실적,2022.0,4.0
237880,클리오,브랜드,v1,00957735,정기공시,20230316,20230316000856,클리오,사업보고서 (2022.12),False,정기보고서,2022.0,4.0
237880,클리오,브랜드,v1,00957735,거래소공시,20230509,20230509900152,클리오,연결재무제표기준영업(잠정)실적(공정공시),False,잠정실적,2023.0,1.0
237880,클리오,브랜드,v1,00957735,정기공시,20230512,20230512000333,클리오,분기보고서 (2023.03),False,정기보고서,2023.0,1.0
237880,클리오,브랜드,v1,00957735,거래소공시,20230807,20230807900180,클리오,연결재무제표기준영업(잠정)실적(공정공시),False,잠정실적,2023.0,2.0
237880,클리오,브랜드,v1,00957735,정기공시,20230811,20230811001604,클리오,반기보고서 (2023.06),False,정기보고서,2023.0,2.0
237880,클리오,브랜드,v1,00957735,거래소공시,20231108,20231108900116,클리오,연결재무제표기준영업(잠정)실적(공정공시),False,잠정실적,2023.0,3.0
237880,클리오,브랜드,v1,00957735,정기공시,20231113,20231113000446,클리오,분기보고서 (2023.09),False,정기보고서,2023.0,3.0
237880,클리오,브랜드,v1,00957735,거래소공시,20240215,20240215900590,클리오,연결재무제표기준영업(잠정)실적(공정공시),False,잠정실적,2023.0,4.0
237880,클리오,브랜드,v1,00957735,거래소공시,20240215,20240215900547,클리오,매출액또는손익구조30%(대규모법인은15%)이상변동,False,잠정실적,2023.0,4.0
237880,클리오,브랜드,v1,00957735,정기공시,20240321,20240321000953,클리오,사업보고서 (2023.12),False,정기보고서,2023.0,4.0
237880,클리오,브랜드,v1,00957735,거래소공시,20240510,20240510900144,클리오,연결재무제표기준영업(잠정)실적(공정공시),False,잠정실적,2024.0,1.0
237880,클리오,브랜드,v1,00957735,정기공시,20240514,20240514000555,클리오,분기보고서 (2024.03),False,정기보고서,2024.0,1.0
237880,클리오,브랜드,v1,00957735,거래소공시,20240808,20240808900194,클리오,연결재무제표기준영업(잠정)실적(공정공시),False,잠정실적,2024.0,2.0
237880,클리오,브랜드,v1,00957735,정기공시,20240814,20240814003739,클리오,반기보고서 (2024.06),False,정기보고서,2024.0,2.0
237880,클리오,브랜드,v1,00957735,거래소공시,20241108,20241108900403,클리오,연결재무제표기준영업(잠정)실적(공정공시),False,잠정실적,2024.0,3.0
237880,클리오,브랜드,v1,00957735,정기공시,20241114,20241114000767,클리오,분기보고서 (2024.09),False,정기보고서,2024.0,3.0
237880,클리오,브랜드,v1,00957735,거래소공시,20250221,20250221900541,클리오,연결재무제표기준영업(잠정)실적(공정공시),False,잠정실적,2024.0,4.0
237880,클리오,브랜드,v1,00957735,정기공시,20250320,20250320001273,클리오,사업보고서 (2024.12),False,정기보고서,2024.0,4.0
237880,클리오,브랜드,v1,00957735,거래소공시,20250514,20250514900574,클리오,연결재무제표기준영업(잠정)실적(공정공시),False,잠정실적,2025.0,1.0
237880,클리오,브랜드,v1,00957735,정기공시,20250515,20250515001050,클리오,분기보고서 (2025.03),False,정기보고서,2025.0,1.0
237880,클리오,브랜드,v1,00957735,거래소공시,20250813,20250813900688,클리오,연결재무제표기준영업(잠정)실적(공정공시),False,잠정실적,2025.0,2.0
237880,클리오,브랜드,v1,00957735,정기공시,20250814,20250814001809,클리오,반기보고서 (2025.06),False,정기보고서,2025.0,2.0
237880,클리오,브랜드,v1,00957735,거래소공시,20251113,20251113900581,클리오,연결재무제표기준영업(잠정)실적(공정공시),False,잠정실적,2025.0,3.0
237880,클리오,브랜드,v1,00957735,정기공시,20251114,20251114001280,클리오,분기보고서 (2025.09),False,정기보고서,2025.0,3.0
237880,클리오,브랜드,v1,00957735,거래소공시,20260213,20260213901824,클리오,매출액또는손익구조30%(대규모법인은15%)이상변동,False,잠정실적,2025.0,4.0
237880,클리오,브랜드,v1,00957735,거래소공시,20260213,20260213901799,클리오,연결재무제표기준영업(잠정)실적(공정공시),False,잠정실적,2025.0,4.0
237880,클리오,브랜드,v1,00957735,정기공시,20260323,20260323001466,클리오,[첨부추가]사업보고서 (2025.12),True,정기보고서,2025.0,4.0
237880,클리오,브랜드,v1,00957735,거래소공시,20260511,20260511900595,클리오,연결재무제표기준영업(잠정)실적(공정공시),False,잠정실적,2026.0,1.0
237880,클리오,브랜드,v1,00957735,정기공시,20260513,20260513000622,클리오,분기보고서 (2026.03),False,정기보고서,2026.0,1.0
237880,클리오,브랜드,v1,00957735,거래소공시,20260813,20260813900811,클리오,연결재무제표기준영업(잠정)실적(공정공시),False,잠정실적,2026.0,2.0
237880,클리오,브랜드,v1,00957735,정기공시,20260814,20260814004258,클리오,[기재정정]반기보고서 (2026.06),True,정기보고서,2026.0,2.0
237880,클리오,브랜드,v1,00957735,정기공시,20260814,20260814003979,클리오,반기보고서 (2026.06),False,정기보고서,2026.0,2.0
241710,코스메카코리아,ODM,v1,00763473,거래소공시,20221104,20221104900308,코스메카코리아,연결재무제표기준영업(잠정)실적(공정공시),False,잠정실적,2022.0,3.0
241710,코스메카코리아,ODM,v1,00763473,정기공시,20221114,20221114001157,코스메카코리아,분기보고서 (2022.09),False,정기보고서,2022.0,3.0
241710,코스메카코리아,ODM,v1,00763473,거래소공시,20230223,20230223900542,코스메카코리아,연결재무제표기준영업(잠정)실적(공정공시),False,잠정실적,2022.0,4.0
241710,코스메카코리아,ODM,v1,00763473,거래소공시,20230223,20230223900540,코스메카코리아,매출액또는손익구조30%(대규모법인은15%)이상변동,False,잠정실적,2022.0,4.0
241710,코스메카코리아,ODM,v1,00763473,정기공시,20230316,20230316001060,코스메카코리아,사업보고서 (2022.12),False,정기보고서,2022.0,4.0
241710,코스메카코리아,ODM,v1,00763473,거래소공시,20230509,20230509900296,코스메카코리아,연결재무제표기준영업(잠정)실적(공정공시),False,잠정실적,2023.0,1.0
241710,코스메카코리아,ODM,v1,00763473,정기공시,20230515,20230515001639,코스메카코리아,분기보고서 (2023.03),False,정기보고서,2023.0,1.0
241710,코스메카코리아,ODM,v1,00763473,거래소공시,20230809,20230809900072,코스메카코리아,연결재무제표기준영업(잠정)실적(공정공시),False,잠정실적,2023.0,2.0
241710,코스메카코리아,ODM,v1,00763473,정기공시,20230814,20230814000703,코스메카코리아,반기보고서 (2023.06),False,정기보고서,2023.0,2.0
241710,코스메카코리아,ODM,v1,00763473,거래소공시,20231106,20231106900371,코스메카코리아,연결재무제표기준영업(잠정)실적(공정공시),False,잠정실적,2023.0,3.0
241710,코스메카코리아,ODM,v1,00763473,정기공시,20231114,20231114002328,코스메카코리아,분기보고서 (2023.09),False,정기보고서,2023.0,3.0
241710,코스메카코리아,ODM,v1,00763473,거래소공시,20240223,20240223900620,코스메카코리아,연결재무제표기준영업(잠정)실적(공정공시),False,잠정실적,2023.0,4.0
241710,코스메카코리아,ODM,v1,00763473,거래소공시,20240223,20240223900597,코스메카코리아,매출액또는손익구조30%(대규모법인은15%)이상변동,False,잠정실적,2023.0,4.0
241710,코스메카코리아,ODM,v1,00763473,정기공시,20240321,20240321001991,코스메카코리아,사업보고서 (2023.12),False,정기보고서,2023.0,4.0
241710,코스메카코리아,ODM,v1,00763473,거래소공시,20240510,20240510900466,코스메카코리아,연결재무제표기준영업(잠정)실적(공정공시),False,잠정실적,2024.0,1.0
241710,코스메카코리아,ODM,v1,00763473,정기공시,20240516,20240516001730,코스메카코리아,분기보고서 (2024.03),False,정기보고서,2024.0,1.0
241710,코스메카코리아,ODM,v1,00763473,거래소공시,20240812,20240812900516,코스메카코리아,연결재무제표기준영업(잠정)실적(공정공시),False,잠정실적,2024.0,2.0
241710,코스메카코리아,ODM,v1,00763473,정기공시,20240814,20240814004618,코스메카코리아,반기보고서 (2024.06),False,정기보고서,2024.0,2.0
241710,코스메카코리아,ODM,v1,00763473,거래소공시,20241108,20241108900476,코스메카코리아,연결재무제표기준영업(잠정)실적(공정공시),False,잠정실적,2024.0,3.0
241710,코스메카코리아,ODM,v1,00763473,정기공시,20241114,20241114000667,코스메카코리아,분기보고서 (2024.09),False,정기보고서,2024.0,3.0
241710,코스메카코리아,ODM,v1,00763473,거래소공시,20250221,20250221900706,코스메카코리아,연결재무제표기준영업(잠정)실적(공정공시),False,잠정실적,2024.0,4.0
241710,코스메카코리아,ODM,v1,00763473,거래소공시,20250221,20250221900709,코스메카코리아,매출액또는손익구조30%(대규모법인은15%)이상변동,False,잠정실적,2024.0,4.0
241710,코스메카코리아,ODM,v1,00763473,정기공시,20250321,20250321000012,코스메카코리아,사업보고서 (2024.12),False,정기보고서,2024.0,4.0
241710,코스메카코리아,ODM,v1,00763473,거래소공시,20250512,20250512900349,코스메카코리아,연결재무제표기준영업(잠정)실적(공정공시),False,잠정실적,2025.0,1.0
241710,코스메카코리아,ODM,v1,00763473,정기공시,20250515,20250515002694,코스메카코리아,분기보고서 (2025.03),False,정기보고서,2025.0,1.0
241710,코스메카코리아,ODM,v1,00763473,거래소공시,20250811,20250811900566,코스메카코리아,연결재무제표기준영업(잠정)실적(공정공시),False,잠정실적,2025.0,2.0
241710,코스메카코리아,ODM,v1,00763473,정기공시,20250814,20250814004086,코스메카코리아,반기보고서 (2025.06),False,정기보고서,2025.0,2.0
241710,코스메카코리아,ODM,v1,00763473,거래소공시,20251106,20251106900430,코스메카코리아,연결재무제표기준영업(잠정)실적(공정공시),False,잠정실적,2025.0,3.0
241710,코스메카코리아,ODM,v1,00763473,정기공시,20251114,20251114002845,코스메카코리아,분기보고서 (2025.09),False,정기보고서,2025.0,3.0
241710,코스메카코리아,ODM,v1,00763473,정기공시,20251114,20251114002682,코스메카코리아,[기재정정]반기보고서 (2025.06),True,정기보고서,2025.0,2.0
241710,코스메카코리아,ODM,v1,00763473,거래소공시,20260220,20260220900635,코스메카코리아,매출액또는손익구조30%(대규모법인은15%)이상변동,False,잠정실적,2025.0,4.0
241710,코스메카코리아,ODM,v1,00763473,거래소공시,20260220,20260220900631,코스메카코리아,연결재무제표기준영업(잠정)실적(공정공시),False,잠정실적,2025.0,4.0
241710,코스메카코리아,ODM,v1,00763473,정기공시,20260319,20260319001408,코스메카코리아,사업보고서 (2025.12),False,정기보고서,2025.0,4.0
241710,코스메카코리아,ODM,v1,00763473,정기공시,20260330,20260330001688,코스메카코리아,[기재정정]사업보고서 (2025.12),True,정기보고서,2025.0,4.0
241710,코스메카코리아,ODM,v1,00763473,거래소공시,20260508,20260508900629,코스메카코리아,연결재무제표기준영업(잠정)실적(공정공시),False,잠정실적,2026.0,1.0
241710,코스메카코리아,ODM,v1,00763473,정기공시,20260515,20260515001672,코스메카코리아,분기보고서 (2026.03),False,정기보고서,2026.0,1.0
241710,코스메카코리아,ODM,v1,00763473,정기공시,20260515,20260515001492,코스메카코리아,[첨부정정]사업보고서 (2025.12),True,정기보고서,2025.0,4.0
241710,코스메카코리아,ODM,v1,00763473,거래소공시,20260810,20260810900426,코스메카코리아,연결재무제표기준영업(잠정)실적(공정공시),False,잠정실적,2026.0,2.0
241710,코스메카코리아,ODM,v1,00763473,정기공시,20260814,20260814003595,코스메카코리아,반기보고서 (2026.06),False,정기보고서,2026.0,2.0
257720,실리콘투,유통,v1,00982023,정기공시,20221108,20221108000040,실리콘투,분기보고서 (2022.09),False,정기보고서,2022.0,3.0
257720,실리콘투,유통,v1,00982023,정기공시,20230322,20230322000608,실리콘투,사업보고서 (2022.12),False,정기보고서,2022.0,4.0
257720,실리콘투,유통,v1,00982023,정기공시,20230509,20230509000059,실리콘투,분기보고서 (2023.03),False,정기보고서,2023.0,1.0
257720,실리콘투,유통,v1,00982023,정기공시,20230811,20230811000440,실리콘투,반기보고서 (2023.06),False,정기보고서,2023.0,2.0
257720,실리콘투,유통,v1,00982023,정기공시,20231114,20231114000045,실리콘투,분기보고서 (2023.09),False,정기보고서,2023.0,3.0
257720,실리콘투,유통,v1,00982023,거래소공시,20240220,20240220900749,실리콘투,매출액또는손익구조30%(대규모법인은15%)이상변동,False,잠정실적,2023.0,4.0
257720,실리콘투,유통,v1,00982023,정기공시,20240320,20240320000377,실리콘투,사업보고서 (2023.12),False,정기보고서,2023.0,4.0
257720,실리콘투,유통,v1,00982023,정기공시,20240509,20240509000388,실리콘투,[기재정정]분기보고서 (2024.03),True,정기보고서,2024.0,1.0
257720,실리콘투,유통,v1,00982023,정기공시,20240509,20240509000148,실리콘투,분기보고서 (2024.03),False,정기보고서,2024.0,1.0
257720,실리콘투,유통,v1,00982023,정기공시,20240813,20240813000194,실리콘투,반기보고서 (2024.06),False,정기보고서,2024.0,2.0
257720,실리콘투,유통,v1,00982023,정기공시,20241114,20241114000973,실리콘투,분기보고서 (2024.09),False,정기보고서,2024.0,3.0
257720,실리콘투,유통,v1,00982023,거래소공시,20250225,20250225900924,실리콘투,매출액또는손익구조30%(대규모법인은15%)이상변동,False,잠정실적,2024.0,4.0
257720,실리콘투,유통,v1,00982023,정기공시,20250319,20250319000820,실리콘투,사업보고서 (2024.12),False,정기보고서,2024.0,4.0
257720,실리콘투,유통,v1,00982023,정기공시,20250408,20250408002625,실리콘투,[기재정정]사업보고서 (2024.12),True,정기보고서,2024.0,4.0
257720,실리콘투,유통,v1,00982023,정기공시,20250512,20250512000093,실리콘투,분기보고서 (2025.03),False,정기보고서,2025.0,1.0
257720,실리콘투,유통,v1,00982023,거래소공시,20250811,20250811900376,실리콘투,연결재무제표기준영업(잠정)실적(공정공시),False,잠정실적,2025.0,2.0
257720,실리콘투,유통,v1,00982023,정기공시,20250814,20250814001307,실리콘투,반기보고서 (2025.06),False,정기보고서,2025.0,2.0
257720,실리콘투,유통,v1,00982023,거래소공시,20251110,20251110900206,실리콘투,연결재무제표기준영업(잠정)실적(공정공시),False,잠정실적,2025.0,3.0
257720,실리콘투,유통,v1,00982023,정기공시,20251113,20251113000448,실리콘투,분기보고서 (2025.09),False,정기보고서,2025.0,3.0
257720,실리콘투,유통,v1,00982023,거래소공시,20260226,20260226900536,실리콘투,매출액또는손익구조30%(대규모법인은15%)이상변동,False,잠정실적,2025.0,4.0
257720,실리콘투,유통,v1,00982023,거래소공시,20260226,20260226900511,실리콘투,연결재무제표기준영업(잠정)실적(공정공시),False,잠정실적,2025.0,4.0
257720,실리콘투,유통,v1,00982023,거래소공시,20260312,20260312900467,실리콘투,[기재정정]매출액또는손익구조30%(대규모법인은15%)이상변동,True,잠정실적,2025.0,4.0
257720,실리콘투,유통,v1,00982023,거래소공시,20260312,20260312900450,실리콘투,[기재정정]연결재무제표기준영업(잠정)실적(공정공시),True,잠정실적,2025.0,4.0
257720,실리콘투,유통,v1,00982023,정기공시,20260320,20260320001024,실리콘투,사업보고서 (2025.12),False,정기보고서,2025.0,4.0
257720,실리콘투,유통,v1,00982023,거래소공시,20260512,20260512900303,실리콘투,연결재무제표기준영업(잠정)실적(공정공시),False,잠정실적,2026.0,1.0
257720,실리콘투,유통,v1,00982023,정기공시,20260515,20260515001136,실리콘투,분기보고서 (2026.03),False,정기보고서,2026.0,1.0
257720,실리콘투,유통,v1,00982023,거래소공시,20260812,20260812900140,실리콘투,연결재무제표기준영업(잠정)실적(공정공시),False,잠정실적,2026.0,2.0
257720,실리콘투,유통,v1,00982023,정기공시,20260814,20260814003895,실리콘투,반기보고서 (2026.06),False,정기보고서,2026.0,2.0
278470,에이피알,브랜드,v1,01190568,정기공시,20221114,20221114000470,에이피알,분기보고서 (2022.09),False,정기보고서,2022.0,3.0
278470,에이피알,브랜드,v1,01190568,정기공시,20230329,20230329001036,에이피알,사업보고서 (2022.12),False,정기보고서,2022.0,4.0
278470,에이피알,브랜드,v1,01190568,정기공시,20230515,20230515000887,에이피알,분기보고서 (2023.03),False,정기보고서,2023.0,1.0
278470,에이피알,브랜드,v1,01190568,정기공시,20230814,20230814002584,에이피알,반기보고서 (2023.06),False,정기보고서,2023.0,2.0
278470,에이피알,브랜드,v1,01190568,정기공시,20231114,20231114001221,에이피알,분기보고서 (2023.09),False,정기보고서,2023.0,3.0
278470,에이피알,브랜드,v1,01190568,정기공시,20240321,20240321000964,에이피알,사업보고서 (2023.12),False,정기보고서,2023.0,4.0
278470,에이피알,브랜드,v1,01190568,거래소공시,20240502,20240502800155,에이피알,연결재무제표기준영업(잠정)실적(공정공시),False,잠정실적,2024.0,1.0
278470,에이피알,브랜드,v1,01190568,정기공시,20240514,20240514001525,에이피알,분기보고서 (2024.03),False,정기보고서,2024.0,1.0
278470,에이피알,브랜드,v1,01190568,거래소공시,20240731,20240731800065,에이피알,연결재무제표기준영업(잠정)실적(공정공시),False,잠정실적,2024.0,2.0
278470,에이피알,브랜드,v1,01190568,정기공시,20240814,20240814001778,에이피알,반기보고서 (2024.06),False,정기보고서,2024.0,2.0
278470,에이피알,브랜드,v1,01190568,거래소공시,20241106,20241106800193,에이피알,연결재무제표기준영업(잠정)실적(공정공시),False,잠정실적,2024.0,3.0
278470,에이피알,브랜드,v1,01190568,정기공시,20241114,20241114002863,에이피알,분기보고서 (2024.09),False,정기보고서,2024.0,3.0
278470,에이피알,브랜드,v1,01190568,거래소공시,20250210,20250210800667,에이피알,연결재무제표기준영업(잠정)실적(공정공시),False,잠정실적,2024.0,4.0
278470,에이피알,브랜드,v1,01190568,정기공시,20250321,20250321001576,에이피알,사업보고서 (2024.12),False,정기보고서,2024.0,4.0
278470,에이피알,브랜드,v1,01190568,거래소공시,20250508,20250508800069,에이피알,연결재무제표기준영업(잠정)실적(공정공시),False,잠정실적,2025.0,1.0
278470,에이피알,브랜드,v1,01190568,정기공시,20250515,20250515001164,에이피알,분기보고서 (2025.03),False,정기보고서,2025.0,1.0
278470,에이피알,브랜드,v1,01190568,거래소공시,20250806,20250806800043,에이피알,연결재무제표기준영업(잠정)실적(공정공시),False,잠정실적,2025.0,2.0
278470,에이피알,브랜드,v1,01190568,정기공시,20250814,20250814001828,에이피알,반기보고서 (2025.06),False,정기보고서,2025.0,2.0
278470,에이피알,브랜드,v1,01190568,거래소공시,20251106,20251106800081,에이피알,연결재무제표기준영업(잠정)실적(공정공시),False,잠정실적,2025.0,3.0
278470,에이피알,브랜드,v1,01190568,정기공시,20251114,20251114002319,에이피알,분기보고서 (2025.09),False,정기보고서,2025.0,3.0
278470,에이피알,브랜드,v1,01190568,거래소공시,20260204,20260204800151,에이피알,연결재무제표기준영업(잠정)실적(공정공시),False,잠정실적,2025.0,4.0
278470,에이피알,브랜드,v1,01190568,정기공시,20260323,20260323001257,에이피알,사업보고서 (2025.12),False,정기보고서,2025.0,4.0
278470,에이피알,브랜드,v1,01190568,거래소공시,20260507,20260507800150,에이피알,연결재무제표기준영업(잠정)실적(공정공시),False,잠정실적,2026.0,1.0
278470,에이피알,브랜드,v1,01190568,정기공시,20260515,20260515001577,에이피알,분기보고서 (2026.03),False,정기보고서,2026.0,1.0
278470,에이피알,브랜드,v1,01190568,거래소공시,20260805,20260805800100,에이피알,연결재무제표기준영업(잠정)실적(공정공시),False,잠정실적,2026.0,2.0
278470,에이피알,브랜드,v1,01190568,정기공시,20260814,20260814002503,에이피알,반기보고서 (2026.06),False,정기보고서,2026.0,2.0
483650,달바글로벌,브랜드,v1,01649204,정기공시,20241113,20241113000384,달바글로벌,분기보고서 (2024.09),False,정기보고서,2024.0,3.0
483650,달바글로벌,브랜드,v1,01649204,정기공시,20241125,20241125000168,달바글로벌,[기재정정]분기보고서 (2024.09),True,정기보고서,2024.0,3.0
483650,달바글로벌,브랜드,v1,01649204,정기공시,20250318,20250318000466,달바글로벌,사업보고서 (2024.12),False,정기보고서,2024.0,4.0
483650,달바글로벌,브랜드,v1,01649204,정기공시,20250513,20250513000041,달바글로벌,분기보고서 (2025.03),False,정기보고서,2025.0,1.0
483650,달바글로벌,브랜드,v1,01649204,거래소공시,20250808,20250808800414,달바글로벌,연결재무제표기준영업(잠정)실적(공정공시),False,잠정실적,2025.0,2.0
483650,달바글로벌,브랜드,v1,01649204,정기공시,20250814,20250814002391,달바글로벌,반기보고서 (2025.06),False,정기보고서,2025.0,2.0
483650,달바글로벌,브랜드,v1,01649204,거래소공시,20251105,20251105800352,달바글로벌,연결재무제표기준영업(잠정)실적(공정공시),False,잠정실적,2025.0,3.0
483650,달바글로벌,브랜드,v1,01649204,정기공시,20251114,20251114001988,달바글로벌,분기보고서 (2025.09),False,정기보고서,2025.0,3.0
483650,달바글로벌,브랜드,v1,01649204,정기공시,20260219,20260219001288,달바글로벌,[기재정정]분기보고서 (2025.09),True,정기보고서,2025.0,3.0
483650,달바글로벌,브랜드,v1,01649204,거래소공시,20260220,20260220800169,달바글로벌,연결재무제표기준영업(잠정)실적(공정공시),False,잠정실적,2025.0,4.0
483650,달바글로벌,브랜드,v1,01649204,정기공시,20260323,20260323000282,달바글로벌,사업보고서 (2025.12),False,정기보고서,2025.0,4.0
483650,달바글로벌,브랜드,v1,01649204,정기공시,20260407,20260407001978,달바글로벌,[기재정정]사업보고서 (2025.12),True,정기보고서,2025.0,4.0
483650,달바글로벌,브랜드,v1,01649204,거래소공시,20260512,20260512800165,달바글로벌,연결재무제표기준영업(잠정)실적(공정공시),False,잠정실적,2026.0,1.0
483650,달바글로벌,브랜드,v1,01649204,정기공시,20260513,20260513000356,달바글로벌,분기보고서 (2026.03),False,정기보고서,2026.0,1.0
483650,달바글로벌,브랜드,v1,01649204,거래소공시,20260813,20260813800135,달바글로벌,연결재무제표기준영업(잠정)실적(공정공시),False,잠정실적,2026.0,2.0
483650,달바글로벌,브랜드,v1,01649204,정기공시,20260814,20260814001262,달바글로벌,반기보고서 (2026.06),False,정기보고서,2026.0,2.0
