종목코드,종목명,연도,분기,기준,자산총계,부채총계,자본총계,매출액,영업이익,당기순이익,산출방식,OPM,분기라벨
018290,브이티,2021,1,연결,229082438358.0,123641074046.0,105441364312.0,44363506685.0,6075861502.0,9399021610.0,직접,0.1369562948470515,2021Q1
018290,브이티,2021,2,연결,232483288226.0,118550995194.0,113932293032.0,51278339185.0,6666625964.0,4554308174.0,직접,0.13000861708778058,2021Q2
018290,브이티,2021,3,연결,234667200349.0,117186188718.0,117481011631.0,47517162815.0,4024514753.0,5197222457.0,직접,0.08469602380657204,2021Q3
018290,브이티,2021,4,연결,207647598183.0,97556949272.0,110090648911.0,83610592664.0,9623740237.0,-1652977250.0,역산,0.11510192584896806,2021Q4
018290,브이티,2022,1,연결,204721232997.0,92066815762.0,112654417235.0,57306164572.0,8243515807.0,7138282326.0,직접,0.1438504193845109,2022Q1
018290,브이티,2022,2,연결,200832506759.0,93169112459.0,107663394300.0,57224892296.0,5501569567.0,3724873322.0,직접,0.09613944817130844,2022Q2
018290,브이티,2022,3,연결,198642906047.0,95854654735.0,102788251312.0,53553796879.0,2655552956.0,1994896823.0,직접,0.04958664204519399,2022Q3
018290,브이티,2022,4,연결,220697040717.0,117948797560.0,102748243157.0,72156451822.0,7152186899.0,346900742.0,역산,0.09912054595815573,2022Q4
018290,브이티,2023,1,연결,245744713745.0,140958716235.0,104785997510.0,47886326320.0,617719011.0,1464199683.0,직접,0.012899695142034859,2023Q1
018290,브이티,2023,2,연결,224612506873.0,109304068425.0,115308438448.0,74694470696.0,11716013172.0,7704215752.0,직접,0.15685248269156568,2023Q2
018290,브이티,2023,3,연결,242952178866.0,111372832097.0,131579346769.0,84105922279.0,14377651343.0,9404822909.0,직접,0.1709469553797389,2023Q3
018290,브이티,2023,4,연결,256624726190.0,109308015301.0,147316710889.0,88814664258.0,18835229927.0,13117225968.0,역산,0.2120734237342277,2023Q4
018290,브이티,2024,1,연결,298560858042.0,137720433642.0,160840424400.0,101800273659.0,23964930578.0,18362650782.0,직접,0.235411258895779,2024Q1
018290,브이티,2024,2,연결,309314047680.0,132867986159.0,176446061521.0,113352649646.0,27022616665.0,16069546562.0,직접,0.23839422147952918,2024Q2
018290,브이티,2024,3,연결,341922529353.0,122470319959.0,219452209394.0,104139979284.0,30833354335.0,33254771835.0,직접,0.29607605596803893,2024Q3
018290,브이티,2024,4,연결,359606110018.0,118903508491.0,240702601527.0,112403907372.0,29077758486.0,36311736192.0,역산,0.2586899260518351,2024Q4
018290,브이티,2025,1,연결,370696203736.0,113065042745.0,257631160991.0,100449659941.0,29017313043.0,23338638273.0,직접,0.28887417896729145,2025Q1
018290,브이티,2025,2,연결,381274680579.0,102171414402.0,279103266177.0,111520825859.0,29066880443.0,21267639845.0,직접,0.2606408284650829,2025Q2
018290,브이티,2025,3,연결,339728376202.0,93150600895.0,246577775307.0,110219156432.0,12123907082.0,8795518898.0,직접,0.10999818429457747,2025Q3
018290,브이티,2025,4,연결,353501351205.0,100244638736.0,253256712469.0,114994014199.0,12661114191.0,10803644506.0,역산,0.11010237601663012,2025Q4
018290,브이티,2026,1,연결,368179337493.0,96363933011.0,271815404482.0,114290932582.0,17333482678.0,18404226841.0,직접,0.1516610485749934,2026Q1
018290,브이티,2026,2,연결,376321807368.0,101244383960.0,275077423408.0,131668235835.0,10678686238.0,3222848790.0,직접,0.08110297954764117,2026Q2
090430,아모레퍼시픽,2021,1,연결,5745671200543.0,1189386586382.0,4556284614161.0,1252783827950.0,176244375570.0,137646826327.0,직접,0.14068219244049351,2021Q1
090430,아모레퍼시픽,2021,2,연결,5805828397087.0,1187352774667.0,4618475622420.0,1176655740224.0,91219161378.0,59198666657.0,직접,0.07752408649333117,2021Q2
090430,아모레퍼시픽,2021,3,연결,6125641755414.0,1281043172683.0,4844598582731.0,1108940816390.0,50339588177.0,38452479523.0,직접,0.04539429646108023,2021Q3
090430,아모레퍼시픽,2021,4,연결,6116713932912.0,1372414055290.0,4744299877622.0,1324748112135.0,25554683925.0,-54440278530.0,역산,0.01929022105479009,2021Q4
090430,아모레퍼시픽,2022,1,연결,6026519066324.0,1226262183249.0,4800256883075.0,1165030308901.0,157996348108.0,120084490895.0,직접,0.1356156547180662,2022Q1
090430,아모레퍼시픽,2022,2,연결,5893736926291.0,1132549202327.0,4761187723964.0,945722009548.0,-19524592214.0,-37216079729.0,직접,-0.020645170585943767,2022Q2
090430,아모레퍼시픽,2022,3,연결,5868503207596.0,1079757385065.0,4788745822531.0,936411432151.0,18804243476.0,21807350707.0,직접,0.020081176746000837,2022Q3
090430,아모레퍼시픽,2022,4,연결,5801783178159.0,1022508074100.0,4779275104059.0,1087768761511.0,56957256391.0,24588483085.0,역산,0.052361548158343596,2022Q4
090430,아모레퍼시픽,2023,1,연결,5886596551237.0,1048988868414.0,4837607682823.0,913697617945.0,64352596937.0,89699915726.0,직접,0.07043095623006615,2023Q1
090430,아모레퍼시픽,2023,2,연결,5871946490650.0,1027819179307.0,4844127311343.0,945384372586.0,5888759554.0,19306281964.0,직접,0.006228958003496414,2023Q2
090430,아모레퍼시픽,2023,3,연결,5862654698333.0,985959656002.0,4876695042331.0,888832482657.0,17253435444.0,26643196702.0,직접,0.019411346660536136,2023Q3
090430,아모레퍼시픽,2023,4,연결,5886510888702.0,1013805677645.0,4872705211057.0,926049119969.0,20676465127.0,38229534604.0,역산,0.02232761165810746,2023Q4
090430,아모레퍼시픽,2024,1,연결,6004336874938.0,1117939258979.0,4886397615959.0,911452525506.0,72675928942.0,80113584354.0,직접,0.07973638440647624,2024Q1
090430,아모레퍼시픽,2024,2,연결,6810769142910.0,1475020034989.0,5335749107921.0,904751327724.0,4153760695.0,530597868353.0,직접,0.004591052334180305,2024Q2
090430,아모레퍼시픽,2024,3,연결,6716788694124.0,1343904740175.0,5372883953949.0,977207865626.0,65170990869.0,37160331343.0,직접,0.06669102159472634,2024Q3
090430,아모레퍼시픽,2024,4,연결,6783507800768.0,1457499911662.0,5326007889106.0,1091698980330.0,78480663407.0,-46230410215.0,역산,0.0718885561139544,2024Q4
090430,아모레퍼시픽,2025,1,연결,6877582295704.0,1505856048879.0,5371726246825.0,1067512073116.0,117729877264.0,118952934878.0,직접,0.11028435202644028,2025Q1
090430,아모레퍼시픽,2025,2,연결,6764514199199.0,1392076184662.0,5372438014537.0,1005023630792.0,73662493730.0,37630569127.0,직접,0.07329429027648925,2025Q2
090430,아모레퍼시픽,2025,3,연결,6734001242179.0,1303508941162.0,5430492301017.0,1016903549806.0,91886526963.0,68238567058.0,직접,0.09035913679377919,2025Q3
090430,아모레퍼시픽,2025,4,연결,6961213309494.0,1457755533999.0,5503457775495.0,1163380967782.0,52547649106.0,22494198687.0,역산,0.045168049470658556,2025Q4
090430,아모레퍼시픽,2026,1,연결,7040950382981.0,1515611529714.0,5525338853267.0,1135756247274.0,126705584407.0,112997747830.0,직접,0.11156054365636468,2026Q1
090430,아모레퍼시픽,2026,2,연결,7087388771624.0,1455693559346.0,5631695212278.0,1175899264082.0,117338201084.0,93363202728.0,직접,0.09978592951633786,2026Q2
092730,네오팜,2021,1,연결,141121324587.0,22581022273.0,118540302314.0,22955715485.0,6699285331.0,5732149465.0,직접,0.2918351787108325,2021Q1
092730,네오팜,2021,2,연결,138736099682.0,16161210461.0,122574889221.0,21376589533.0,6107944679.0,4134812685.0,직접,0.285730549747933,2021Q2
092730,네오팜,2021,3,연결,141326771515.0,15741609309.0,125585162206.0,19447786055.0,3451618444.0,3104656001.0,직접,0.17748130477363996,2021Q3
092730,네오팜,2021,4,연결,143408028554.0,13103096004.0,130304932550.0,24150628658.0,6171996859.0,4741657614.0,역산,0.25556257546759553,2021Q4
092730,네오팜,2022,1,연결,148926067286.0,19169854179.0,129756213107.0,22346431640.0,6338287443.0,4924021834.0,직접,0.28363756438206883,2022Q1
092730,네오팜,2022,2,연결,147579706136.0,13099690591.0,134480015545.0,21478741284.0,4949293631.0,4599414056.0,직접,0.2304275453369719,2022Q2
092730,네오팜,2022,3,연결,149080163536.0,10622991390.0,138457172146.0,18828986225.0,4140328590.0,3979549642.0,직접,0.21989121137614515,2022Q3
092730,네오팜,2022,4,연결,155347426926.0,13136622381.0,142210804545.0,22378979083.0,6010880732.0,3524054201.0,역산,0.2685949483980757,2022Q4
092730,네오팜,2023,1,연결,162289798553.0,18877429870.0,143412368683.0,23585268343.0,7039629514.0,6808523277.0,직접,0.29847570151091074,2023Q1
092730,네오팜,2023,2,연결,161714684592.0,12599629142.0,149115055450.0,24498379477.0,6273246069.0,5469310352.0,직접,0.2560677972553066,2023Q2
092730,네오팜,2023,3,연결,169263364324.0,15253617156.0,154009747168.0,21808048917.0,5060789516.0,4931193914.0,직접,0.2320606274894665,2023Q3
092730,네오팜,2023,4,연결,177458518886.0,17432565201.0,160025953685.0,27213193762.0,6933639640.0,6003768574.0,역산,0.2547896325818988,2023Q4
092730,네오팜,2024,1,연결,183351581539.0,23098936505.0,160252645034.0,28215374365.0,6791868434.0,6111961135.0,직접,0.24071516280943026,2024Q1
092730,네오팜,2024,2,연결,181923208503.0,15839018725.0,166084189778.0,30620977220.0,6106596242.0,5882554143.0,직접,0.19942525668356184,2024Q2
092730,네오팜,2024,3,연결,183746735965.0,13240032854.0,170506703111.0,26150576680.0,5083231435.0,4335721734.0,직접,0.19438314868549966,2024Q3
092730,네오팜,2024,4,연결,192440283038.0,15555446511.0,176884836527.0,34026815430.0,6671718254.0,6734514590.0,역산,0.19607236732820518,2024Q4
092730,네오팜,2025,1,연결,200914982501.0,26282418568.0,174632563933.0,31608960291.0,7780423580.0,7136756769.0,직접,0.24614614047319092,2025Q1
092730,네오팜,2025,2,연결,196920462641.0,15304068455.0,181616394186.0,31982006218.0,7010729640.0,7066811995.0,직접,0.219208563471989,2025Q2
092730,네오팜,2025,3,연결,207375322752.0,18971202841.0,188404119911.0,32196031702.0,6768324258.0,6859279621.0,직접,0.21022231312996115,2025Q3
092730,네오팜,2025,4,연결,217810766237.0,22454309758.0,195356456479.0,36397098077.0,7215091888.0,6760029931.0,역산,0.1982326138401498,2025Q4
092730,네오팜,2026,1,별도,225350497010.0,33243958952.0,192106538058.0,36223935831.0,8704195880.0,8624099001.0,직접,0.2402885186360963,2026Q1
092730,네오팜,2026,2,별도,226230032160.0,25206782833.0,201023249327.0,43571648895.0,9789095195.0,8405205327.0,직접,0.2246666225230538,2026Q2
114840,아이패밀리에스씨,2021,3,별도,30862593502.0,11105593657.0,19756999845.0,14234697130.0,1038798217.0,769640156.0,직접,0.07297648889281286,2021Q3
114840,아이패밀리에스씨,2021,4,별도,52974587855.0,11441955204.0,41532632651.0,18302658004.0,1646318879.0,642110809.0,역산,0.08994971542604364,2021Q4
114840,아이패밀리에스씨,2022,1,별도,57914744220.0,13604987048.0,44309757172.0,22336547258.0,3503484014.0,2758904631.0,직접,0.15684984673471417,2022Q1
114840,아이패밀리에스씨,2022,2,별도,75106061515.0,28867055696.0,46239005819.0,21836404804.0,1995739837.0,1610567480.0,직접,0.0913950741852166,2022Q2
114840,아이패밀리에스씨,2022,3,별도,74128226811.0,26268282783.0,47859944028.0,21000669869.0,2062582368.0,1542446920.0,직접,0.09821507508408897,2022Q3
114840,아이패밀리에스씨,2022,4,별도,72333625980.0,22129450880.0,50204175100.0,20161547023.0,1946594810.0,1727446464.0,역산,0.09654987327010933,2022Q4
114840,아이패밀리에스씨,2023,1,별도,82724237364.0,29243913617.0,53480323747.0,32844018532.0,4657188489.0,3734961213.0,직접,0.14179715811761862,2023Q1
114840,아이패밀리에스씨,2023,2,별도,91833434407.0,34229733484.0,57603700923.0,36673100651.0,5060787696.0,4000464874.0,직접,0.13799726792018616,2023Q2
114840,아이패밀리에스씨,2023,3,연결,92334681459.0,29443774504.0,62890906955.0,37207605491.0,6653635385.0,5262235956.0,직접,0.1788246058083319,2023Q3
114840,아이패밀리에스씨,2023,4,연결,89832890141.0,20838610964.0,68994279177.0,41961188281.0,7624583570.0,6999434867.0,역산,0.18170561612651961,2023Q4
114840,아이패밀리에스씨,2024,1,연결,118499447102.0,41177379751.0,77322067351.0,57411304700.0,11761040185.0,9712830484.0,직접,0.2048558249365129,2024Q1
114840,아이패밀리에스씨,2024,2,연결,131236145012.0,47301022693.0,83935122319.0,49008529025.0,6956237730.0,6618161743.0,직접,0.14193932910027796,2024Q2
114840,아이패밀리에스씨,2024,3,연결,123732293579.0,35006106932.0,88726186647.0,50105152723.0,9087526114.0,7617463841.0,직접,0.18136909319964034,2024Q3
114840,아이패밀리에스씨,2024,4,연결,122318512016.0,30761092636.0,91557419380.0,48355619713.0,5827651503.0,4357060900.0,역산,0.12051653019004294,2024Q4
114840,아이패밀리에스씨,2025,1,연결,133220444251.0,37491579039.0,95728865212.0,54393895300.0,7145051931.0,6014211552.0,직접,0.13135760716515554,2025Q1
114840,아이패밀리에스씨,2025,2,연결,142590832599.0,41190048576.0,101400784023.0,57659513095.0,7178936728.0,5766088963.0,직접,0.12450567725349954,2025Q2
114840,아이패밀리에스씨,2025,3,연결,144815297869.0,38122020808.0,106693277061.0,53467225918.0,6184940598.0,5250243821.0,직접,0.11567723015002747,2025Q3
114840,아이패밀리에스씨,2025,4,연결,142391571157.0,37936561808.0,104455009349.0,58575419870.0,6618814938.0,4806217566.0,역산,0.11299645743367337,2025Q4
114840,아이패밀리에스씨,2026,1,연결,147892027137.0,42371445787.0,105520581350.0,54847089936.0,3691985400.0,2842307589.0,직접,0.0673141529351531,2026Q1
114840,아이패밀리에스씨,2026,2,연결,147403188177.0,40493797162.0,106909391015.0,58660342221.0,6814957283.0,6180534423.0,직접,0.1161765687851765,2026Q2
161890,한국콜마,2021,1,연결,2502697257787.0,1494609394101.0,1008087863686.0,395299035132.0,24246337586.0,15129267423.0,직접,0.061336698122482276,2021Q1
161890,한국콜마,2021,2,연결,2429177907809.0,1411239913815.0,1017937993994.0,412772220823.0,21322710368.0,12170708493.0,직접,0.05165732889070398,2021Q2
161890,한국콜마,2021,3,연결,2630258336436.0,1276420665300.0,1353837671136.0,375966691568.0,12778754569.0,6881791278.0,직접,0.03398906034921645,2021Q3
161890,한국콜마,2021,4,연결,2606037352397.0,1246477583481.0,1359559768916.0,402294762725.0,25919750468.0,9353065711.0,역산,0.06442974870572248,2021Q4
161890,한국콜마,2022,1,연결,2642906320326.0,1306389509152.0,1336516811174.0,410443137860.0,12907934695.0,14220322923.0,직접,0.0314487769543435,2022Q1
161890,한국콜마,2022,2,연결,2649161352367.0,1289600344067.0,1359561008300.0,502704547431.0,33641532127.0,22522882209.0,직접,0.06692108177441453,2022Q2
161890,한국콜마,2022,3,연결,2970751954020.0,1461121440074.0,1509630513946.0,473518828595.0,18094353955.0,6500473698.0,직접,0.03821253319258414,2022Q3
161890,한국콜마,2022,4,연결,2933309479342.0,1463836379752.0,1469473099590.0,479065009149.0,8636620605.0,-47344683513.0,역산,0.01802807644069412,2022Q4
161890,한국콜마,2023,1,연결,2993128309822.0,1534534532955.0,1458593776867.0,487660961331.0,12058574023.0,6458589147.0,직접,0.02472737204570952,2023Q1
161890,한국콜마,2023,2,연결,3039925026335.0,1535853675803.0,1504071350532.0,599737686970.0,55672431124.0,42644857319.0,직접,0.09282796851615036,2023Q2
161890,한국콜마,2023,3,연결,3046070359536.0,1522367880591.0,1523702478945.0,516384773087.0,31034500807.0,19755998246.0,직접,0.060099566107405994,2023Q3
161890,한국콜마,2023,4,연결,3009429377714.0,1590839241152.0,1418590136562.0,551892506034.0,37377834038.0,-43720615761.0,역산,0.0677266562407305,2023Q4
161890,한국콜마,2024,1,연결,3025218961237.0,1617367369855.0,1407851591382.0,574789537510.0,32429767326.0,12073036094.0,직접,0.05642024638528811,2024Q1
161890,한국콜마,2024,2,연결,3151388113858.0,1700938393896.0,1450449719962.0,660271275247.0,71741069792.0,45164951823.0,직접,0.10865393131809721,2024Q2
161890,한국콜마,2024,3,연결,3066303197521.0,1589350043114.0,1476953154407.0,626505190045.0,54539639175.0,23642266366.0,직접,0.08705377072946927,2024Q3
161890,한국콜마,2024,4,연결,3126693019808.0,1620961053261.0,1505731966547.0,590497977661.0,35139948055.0,44444360905.0,역산,0.059509006608611206,2024Q4
161890,한국콜마,2025,1,연결,3314646803278.0,1807854430885.0,1506792372393.0,653085689014.0,59939938284.0,23179056681.0,직접,0.09177959231428678,2025Q1
161890,한국콜마,2025,2,연결,3265455496688.0,1710084690384.0,1555370806304.0,730849244128.0,73477279890.0,41803205089.0,직접,0.10053684871449534,2025Q2
161890,한국콜마,2025,3,연결,3491328543324.0,1892809893112.0,1598518650212.0,683014538376.0,58330238822.0,42378997730.0,직접,0.08540116724409921,2025Q3
161890,한국콜마,2025,4,연결,3457768462781.0,1790419097924.0,1667349364857.0,655469697807.0,47847283452.0,60859189931.0,역산,0.07299694190605957,2025Q4
161890,한국콜마,2026,1,연결,3676371470619.0,1977805492643.0,1698565977976.0,728036468369.0,78886019580.0,59954328251.0,직접,0.10835448910509411,2026Q1
161890,한국콜마,2026,2,연결,3628835252259.0,1857450483851.0,1771384768408.0,861276727774.0,110340891223.0,70615085562.0,직접,0.12811316928088828,2026Q2
192820,코스맥스,2021,1,연결,1251224880084.0,962553164726.0,288671715358.0,344962474812.0,23291696341.0,9820932834.0,직접,0.06751950731363945,2021Q1
192820,코스맥스,2021,2,연결,1386616133954.0,937876259869.0,448739874085.0,430357766832.0,43917373019.0,26081759417.0,직접,0.10204851963585951,2021Q2
192820,코스맥스,2021,3,연결,1419117490457.0,960409701503.0,458707788954.0,394953082784.0,24967296091.0,-1759590695.0,직접,0.06321585317174147,2021Q3
192820,코스맥스,2021,4,연결,1411928775762.0,946544204187.0,465384571575.0,421214297075.0,30423544691.0,193380333.0,역산,0.07222818622793063,2021Q4
192820,코스맥스,2022,1,연결,1433280656335.0,957083048430.0,476197607905.0,397852341189.0,13741232096.0,10187982255.0,직접,0.03453852264620009,2022Q1
192820,코스맥스,2022,2,연결,1452305609522.0,961321031326.0,490984578196.0,405016250077.0,17228161392.0,5324611082.0,직접,0.04253696336560485,2022Q2
192820,코스맥스,2022,3,연결,1504511969842.0,988100145381.0,516411824461.0,396776160074.0,19740641906.0,6749205983.0,직접,0.04975259073609238,2022Q3
192820,코스맥스,2022,4,연결,1396450504662.0,952203952001.0,444246552661.0,400481018854.0,2390818454.0,-38708626180.0,역산,0.00596986708843647,2022Q4
192820,코스맥스,2023,1,연결,1516310871363.0,1057160196808.0,459150674555.0,403260875312.0,13811866518.0,712275970.0,직접,0.03425045017648652,2023Q1
192820,코스맥스,2023,2,연결,1504381584460.0,1030824640222.0,473556944238.0,479265546131.0,46047093660.0,27390096497.0,직접,0.09607845594520104,2023Q2
192820,코스맥스,2023,3,연결,1518664169680.0,1143149604740.0,375514564940.0,458266795254.0,33304646349.0,10850874137.0,직접,0.07267523349698617,2023Q3
192820,코스맥스,2023,4,연결,1557077274819.0,1198515835534.0,358561439285.0,436701231623.0,22522173329.0,-1153263549.0,역산,0.05157341380810022,2023Q4
192820,코스맥스,2024,1,연결,1731679625704.0,1313203942407.0,418475683297.0,526802196511.0,45453238793.0,19617937549.0,직접,0.08628141472081145,2024Q1
192820,코스맥스,2024,2,연결,1883116927114.0,1432555232203.0,450561694911.0,551453223808.0,46712160025.0,35296879567.0,직접,0.08470738406865097,2024Q2
192820,코스맥스,2024,3,연결,1793881737937.0,1318353355315.0,475528382622.0,529831883083.0,43413150653.0,20617886638.0,직접,0.08193759575280067,2024Q3
192820,코스맥스,2024,4,연결,1933713489313.0,1424903002848.0,508810486465.0,558002333340.0,39816729634.0,12884707912.0,역산,0.07135584791495668,2024Q4
192820,코스맥스,2025,1,연결,2047066936963.0,1554055346563.0,493011590400.0,588574135736.0,51346295225.0,10628936391.0,직접,0.08723844985269782,2025Q1
192820,코스맥스,2025,2,연결,2013645582326.0,1523547479262.0,490098103064.0,623560619449.0,60812964839.0,21838012255.0,직접,0.09752534547921975,2025Q2
192820,코스맥스,2025,3,연결,2056508762657.0,1549860106562.0,506648656095.0,585616672949.0,42726679740.0,10664706367.0,직접,0.07296014904227456,2025Q3
192820,코스맥스,2025,4,연결,2125418400005.0,1513074591553.0,612343808452.0,601006544714.0,40905721820.0,87944518215.0,역산,0.06806202391600534,2025Q4
192820,코스맥스,2026,1,연결,2516016008103.0,1870227234258.0,645788773845.0,682023325582.0,53030980630.0,43806479288.0,직접,0.07775537674572401,2026Q1
192820,코스맥스,2026,2,연결,2672145318030.0,1961727585627.0,710417732403.0,794891203546.0,73735296100.0,50008710862.0,직접,0.09276149461846821,2026Q2
214450,파마리서치,2021,1,연결,331490853502.0,50065825056.0,281425028446.0,34537958087.0,12291981680.0,12339650393.0,직접,0.35589775310505894,2021Q1
214450,파마리서치,2021,2,연결,338573409984.0,45588930286.0,292984479698.0,38794388188.0,13912405470.0,11758040532.0,직접,0.3586190199102928,2021Q2
214450,파마리서치,2021,3,연결,358916088083.0,52712181860.0,306203906223.0,38702580435.0,13651451668.0,13286869830.0,직접,0.3527271699861787,2021Q3
214450,파마리서치,2021,4,연결,427646749519.0,99288024088.0,328358725431.0,42047971184.0,12633057219.0,9439076282.0,역산,0.30044391829794403,2021Q4
214450,파마리서치,2022,1,연결,436177338784.0,105438503048.0,330738835736.0,45268535452.0,15234682035.0,9851091835.0,직접,0.3365402013315392,2022Q1
214450,파마리서치,2022,2,연결,439196756621.0,99153205894.0,340043550727.0,49700307875.0,17391849262.0,9779737093.0,직접,0.3499344371415526,2022Q2
214450,파마리서치,2022,3,연결,462438236227.0,103199696821.0,359238539406.0,46174667563.0,16518642317.0,16609903361.0,직접,0.3577425282913455,2022Q3
214450,파마리서치,2022,4,연결,478055190172.0,106399144494.0,371656045678.0,53615133044.0,16770978217.0,7193371606.0,역산,0.31280307004435975,2022Q4
214450,파마리서치,2023,1,연결,493120238571.0,107514055181.0,385606183390.0,55442360591.0,20739374899.0,18327114731.0,직접,0.37407092118596835,2023Q1
214450,파마리서치,2023,2,연결,503744300276.0,88278123908.0,415466176368.0,66798134698.0,23647410571.0,15183477277.0,직접,0.35401303760818975,2023Q2
214450,파마리서치,2023,3,연결,535094027844.0,90173889664.0,444920138180.0,68805501576.0,27494854820.0,28195848451.0,직접,0.39960256360649016,2023Q3
214450,파마리서치,2023,4,연결,535281189557.0,73086592473.0,462194597084.0,69964913699.0,20376146338.0,15558211996.0,역산,0.2912337807727652,2023Q4
214450,파마리서치,2024,1,연결,578719919498.0,107852750877.0,470867168621.0,74716536142.0,26668362059.0,18305286876.0,직접,0.35692717350167763,2024Q1
214450,파마리서치,2024,2,연결,601473708925.0,93173001633.0,508300707292.0,83106581620.0,30760698843.0,28718192888.0,직접,0.37013553250994613,2024Q2
214450,파마리서치,2024,3,연결,640817661151.0,98606533616.0,542211127535.0,89208791343.0,34923262674.0,25512480181.0,직접,0.3914778145544323,2024Q3
214450,파마리서치,2024,4,연결,855700916352.0,286260118189.0,569440798163.0,103083159536.0,33698433545.0,16407075675.0,역산,0.32690532281590967,2024Q4
214450,파마리서치,2025,1,연결,889453939690.0,295403717009.0,594050222681.0,116909970307.0,44733584603.0,36026848814.0,직접,0.3826327599393939,2025Q1
214450,파마리서치,2025,2,연결,923237813362.0,285763146729.0,637474666633.0,140607447466.0,55877690378.0,42044835186.0,직접,0.39740206784929843,2025Q2
214450,파마리서치,2025,3,연결,988303303817.0,299527448900.0,688775854917.0,135426410999.0,61870558180.0,50852909683.0,직접,0.45685740117898316,2025Q3
214450,파마리서치,2025,4,연결,1043888016418.0,320010430799.0,723877585619.0,143345290040.0,51913925410.0,39330841191.0,역산,0.3621599662989527,2025Q4
214450,파마리서치,2026,1,연결,1085373221652.0,352897027751.0,732476193901.0,146100260508.0,57292342573.0,48748490607.0,직접,0.3921440138011448,2026Q1
214450,파마리서치,2026,2,연결,1107176182627.0,318304095279.0,788872087348.0,178704799285.0,66469662181.0,56228701360.0,직접,0.3719523059646182,2026Q2
237880,클리오,2021,1,연결,235325300263.0,80562453296.0,154762846967.0,57915338015.0,2043248249.0,2238551029.0,직접,0.03527991580521901,2021Q1
237880,클리오,2021,2,연결,231999602387.0,72101564452.0,159898037935.0,56058209592.0,3157153942.0,1016410671.0,직접,0.056319207569742895,2021Q2
237880,클리오,2021,3,연결,238734517941.0,71595696063.0,167138821878.0,59363024436.0,4088078899.0,7601431915.0,직접,0.06886574492860295,2021Q3
237880,클리오,2021,4,연결,234228416837.0,66817113819.0,167411303018.0,59407442853.0,4614386557.0,-1589022123.0,역산,0.07767354283230152,2021Q4
237880,클리오,2022,1,연결,250687415146.0,78984448781.0,171702966365.0,65938738401.0,3634278244.0,786200557.0,직접,0.05511598086542833,2022Q1
237880,클리오,2022,2,연결,239284528326.0,56226153186.0,183058375140.0,66194065308.0,4475194082.0,2874569533.0,직접,0.06760717990618931,2022Q2
237880,클리오,2022,3,연결,245088504449.0,59133314464.0,185955189985.0,67948218685.0,4577496719.0,3237665714.0,직접,0.0673674278382593,2022Q3
237880,클리오,2022,4,연결,243885491589.0,53509226607.0,190376264982.0,72374424607.0,5195361467.0,3230435238.0,역산,0.07178449424933332,2022Q4
237880,클리오,2023,1,연결,254539829168.0,62315045025.0,192224784143.0,75071060007.0,5235220623.0,5693013212.0,직접,0.0697368682753626,2023Q1
237880,클리오,2023,2,연결,261139303140.0,63126738341.0,198012564799.0,81000377501.0,6512953644.0,5395200849.0,직접,0.0804064603763062,2023Q2
237880,클리오,2023,3,연결,278923316767.0,71044978705.0,207878338062.0,84817705882.0,10473895631.0,9730961822.0,직접,0.12348713658409345,2023Q3
237880,클리오,2023,4,연결,279567882691.0,65869393095.0,213698489596.0,89695353823.0,11587801392.0,6499859626.0,역산,0.12919065367495786,2023Q4
237880,클리오,2024,1,연결,302865502083.0,85917522572.0,216947979511.0,92975940721.0,8509323508.0,9895504689.0,직접,0.09152177909696635,2024Q1
237880,클리오,2024,2,연결,297142265875.0,71557191751.0,225585074124.0,92581105814.0,9576226939.0,8968547491.0,직접,0.10343608293293786,2024Q2
237880,클리오,2024,3,연결,305429788169.0,73215273483.0,232214514686.0,87558600126.0,6407227824.0,6024046369.0,직접,0.07317645342410417,2024Q3
237880,클리오,2024,4,연결,295426371283.0,61533515029.0,233892856254.0,78250174688.0,109911961.0,2267872779.0,역산,0.0014046225639526332,2024Q4
237880,클리오,2025,1,연결,317424957847.0,87374102259.0,230050855588.0,82335790614.0,1149424335.0,2658499491.0,직접,0.013960202804010691,2025Q1
237880,클리오,2025,2,연결,299878671041.0,67748744636.0,232129926405.0,82129745417.0,3520752737.0,1940764463.0,직접,0.042868180330085874,2025Q2
237880,클리오,2025,3,연결,305257837118.0,67886932407.0,237370904711.0,83815552800.0,4720043216.0,5484134902.0,직접,0.056314646367159674,2025Q3
237880,클리오,2025,4,연결,299252972651.0,58377598232.0,240875374419.0,80622381967.0,7045696780.0,3139247507.0,역산,0.08739132494105561,2025Q4
237880,클리오,2026,1,연결,332869224627.0,88698246157.0,244170978470.0,78347769781.0,5794939968.0,6720192326.0,직접,0.0739643257772134,2026Q1
237880,클리오,2026,2,연결,333811143188.0,76374444974.0,257436698214.0,86805271275.0,11617333896.0,13721492712.0,직접,0.1338321247703514,2026Q2
241710,코스메카코리아,2021,1,연결,369174839995.0,192613046465.0,176561793530.0,93472435550.0,3358956303.0,2780459411.0,직접,0.035935260306801754,2021Q1
241710,코스메카코리아,2021,2,연결,386156576804.0,203863910853.0,182292665951.0,111971002884.0,8790504041.0,4561915170.0,직접,0.07850696889896404,2021Q2
241710,코스메카코리아,2021,3,연결,388228815086.0,195656268501.0,192572546585.0,97303983579.0,6559848245.0,6171793669.0,직접,0.06741602968057453,2021Q3
241710,코스메카코리아,2021,4,연결,391569471235.0,195231551895.0,196337919340.0,93718363806.0,1392381932.0,3453064945.0,역산,0.01485708750616128,2021Q4
241710,코스메카코리아,2022,1,연결,401887914070.0,203568865111.0,198319048959.0,88997255599.0,612483491.0,115823182.0,직접,0.006882049192165,2022Q1
241710,코스메카코리아,2022,2,연결,402843296042.0,196473921968.0,206369374074.0,100411742759.0,3061282188.0,2788784704.0,직접,0.030487292660057078,2022Q2
241710,코스메카코리아,2022,3,연결,413918411974.0,194840427492.0,219077984482.0,103544135699.0,2935633128.0,3343815612.0,직접,0.028351515111718215,2022Q3
241710,코스메카코리아,2022,4,연결,392755634294.0,185732073734.0,207023560560.0,106446103844.0,3758038342.0,-245688611.0,역산,0.035304611500929325,2022Q4
241710,코스메카코리아,2023,1,연결,401209879415.0,183953077068.0,217256802347.0,115932322832.0,9254056180.0,7356798590.0,직접,0.07982291697381282,2023Q1
241710,코스메카코리아,2023,2,연결,390936126740.0,165136691081.0,225799435659.0,115651142905.0,11164348373.0,8621814608.0,직접,0.09653469989631487,2023Q2
241710,코스메카코리아,2023,3,연결,422873114919.0,182992370374.0,239880744545.0,116399125357.0,13700630563.0,11766611338.0,직접,0.11770389615024777,2023Q3
241710,코스메카코리아,2023,4,연결,432625587075.0,190455845488.0,242169741587.0,122736520197.0,15035040393.0,6141701416.0,역산,0.1224985063033219,2023Q4
241710,코스메카코리아,2024,1,연결,457373597424.0,199834056080.0,257539541344.0,125588030441.0,13730406370.0,12552677783.0,직접,0.10932894099689228,2024Q1
241710,코스메카코리아,2024,2,연결,487303253033.0,210453734582.0,276849518451.0,143769968969.0,18093595214.0,16309165885.0,직접,0.12585100590723075,2024Q2
241710,코스메카코리아,2024,3,연결,478123427762.0,197338000835.0,280785426927.0,126627253579.0,15207289524.0,8553643741.0,직접,0.12009491712234366,2024Q3
241710,코스메카코리아,2024,4,연결,517949507835.0,210310233758.0,307639274077.0,128343391695.0,13331175358.0,16272407352.0,역산,0.10387114741116317,2024Q4
241710,코스메카코리아,2025,1,연결,538389318233.0,248971880665.0,289417437568.0,118366010963.0,12290023963.0,9220403024.0,누계보완,0.10383068469580964,2025Q1
241710,코스메카코리아,2025,2,연결,580128605093.0,288680525668.0,291448079425.0,161733978593.0,23016587256.0,10796450502.0,직접,0.14231138970445248,2025Q2
241710,코스메카코리아,2025,3,연결,624490113479.0,306683537080.0,317806576399.0,182371114252.0,27193065325.0,22337659499.0,직접,0.1491084014951221,2025Q3
241710,코스메카코리아,2025,4,연결,631824856424.0,295589465107.0,336235391317.0,178457968968.0,21037230681.0,15483952068.0,역산,0.1178833918297718,2025Q4
241710,코스메카코리아,2026,1,연결,677149116570.0,365107134513.0,312041982057.0,185142797724.0,21880306993.0,19620335955.0,직접,0.11818070841523026,2026Q1
241710,코스메카코리아,2026,2,연결,734664983325.0,400050752265.0,334614231060.0,226080046334.0,32056578777.0,20293382811.0,직접,0.14179304762544645,2026Q2
257720,실리콘투,2021,3,연결,101290387454.0,14575770873.0,86714616581.0,31930416879.0,2012061174.0,2495314281.0,직접,0.06301393375553742,2021Q3
257720,실리콘투,2021,4,연결,97392484285.0,11098829666.0,86293654619.0,33825827126.0,972172039.0,513362200.0,역산,0.028740525261324545,2021Q4
257720,실리콘투,2022,1,연결,99340466061.0,13390276588.0,85950189473.0,35291470001.0,2300017363.0,1977625938.0,직접,0.06517204760625805,2022Q1
257720,실리콘투,2022,2,연결,123337199370.0,33013169494.0,90324029876.0,37268764193.0,2495935731.0,2667296960.0,직접,0.06697125018888603,2022Q2
257720,실리콘투,2022,3,연결,134746590997.0,38886550475.0,95860040522.0,46106186815.0,4965981372.0,4420480846.0,직접,0.10770748385516861,2022Q3
257720,실리콘투,2022,4,연결,129216316028.0,32829452721.0,96386863307.0,46605743538.0,4477504670.0,2090252776.0,역산,0.09607195015243702,2022Q4
257720,실리콘투,2023,1,연결,143520290052.0,40343572909.0,103176717143.0,58011999795.0,7416732111.0,6326743316.0,직접,0.1278482406607062,2023Q1
257720,실리콘투,2023,2,연결,167965339144.0,55804923352.0,112160415792.0,78220222058.0,10382067735.0,8567571510.0,직접,0.1327286916585552,2023Q2
257720,실리콘투,2023,3,연결,192260875419.0,66573611639.0,125687263780.0,100951476394.0,15129300746.0,13137611144.0,직접,0.14986705778281417,2023Q3
257720,실리콘투,2023,4,연결,215270561079.0,80318624896.0,134951936183.0,105677299699.0,14881242878.0,9981278302.0,역산,0.140817781305788,2023Q4
257720,실리콘투,2024,1,연결,311103637019.0,149624390094.0,161479246925.0,149927172667.0,29449231318.0,25535547521.0,직접,0.19642357548760725,2024Q1
257720,실리콘투,2024,2,연결,392711498890.0,196516422100.0,196195076790.0,181360484748.0,38940941740.0,33348953174.0,직접,0.21471569065393906,2024Q2
257720,실리콘투,2024,3,연결,417121593571.0,194357889348.0,222763704223.0,186674420221.0,42596162082.0,29852454690.0,직접,0.22818424737342846,2024Q3
257720,실리콘투,2024,4,연결,457759144111.0,196171192588.0,261587951523.0,173560291275.0,26588677141.0,32001240962.0,역산,0.15319562410085613,2024Q4
257720,실리콘투,2025,1,연결,590487014088.0,263239372478.0,327247641610.0,245676632694.0,47729228743.0,38785002012.0,직접,0.19427663192717498,2025Q1
257720,실리콘투,2025,2,연결,593078908742.0,235588213856.0,357490694886.0,265286436523.0,52181838032.0,35599494171.0,직접,0.19669998480105447,2025Q2
257720,실리콘투,2025,3,연결,668116410713.0,249592262848.0,418524147865.0,299375144222.0,63073092892.0,58403517595.0,직접,0.2106824634887808,2025Q3
257720,실리콘투,2025,4,연결,709448340772.0,252018395129.0,457429945643.0,305949150665.0,42377792190.0,35796645878.0,역산,0.13851253418383142,2025Q4
257720,실리콘투,2026,1,연결,840820354905.0,348868772820.0,491951582085.0,346556192213.0,64540111638.0,54346030385.0,직접,0.1862327469201082,2026Q1
257720,실리콘투,2026,2,연결,964458684428.0,275561896769.0,688896787659.0,402597050816.0,82969819438.0,72331311454.0,직접,0.20608650577502596,2026Q2
278470,에이피알,2021,1,연결,97787639711.0,43439876486.0,54347763225.0,61914485970.0,4359613885.0,2372205281.0,직접,0.07041347136617437,2021Q1
278470,에이피알,2021,2,연결,106257806826.0,50235356073.0,56022450753.0,56332763520.0,1037628825.0,1699368005.0,직접,0.018419632912765008,2021Q2
278470,에이피알,2021,3,연결,118136544758.0,57816613551.0,60319931207.0,60557916261.0,3099115330.0,2085620807.0,직접,0.051176056267244224,2021Q3
278470,에이피알,2021,4,연결,126428830150.0,60427749526.0,66001080624.0,80340978431.0,5776794114.0,5241632935.0,역산,0.07190345732422637,2021Q4
278470,에이피알,2022,1,연결,136723584060.0,71518353053.0,65205231007.0,76342729958.0,-1025095762.0,-885164951.0,직접,-0.013427549192489672,2022Q1
278470,에이피알,2022,2,연결,156092575616.0,82616333501.0,73476242115.0,97942515714.0,6934229851.0,4121602618.0,직접,0.07079897632248397,2022Q2
278470,에이피알,2022,3,연결,176990494146.0,90874780396.0,86115713750.0,95300670492.0,12582599590.0,11452410728.0,직접,0.1320305463229269,2022Q3
278470,에이피알,2022,4,연결,184122622814.0,83864628098.0,100257994716.0,128112203172.0,20736745718.0,15265827898.0,역산,0.16186393805248514,2022Q4
278470,에이피알,2023,1,연결,206479667442.0,77376891038.0,129102776404.0,122178927520.0,23189316994.0,20296003379.0,직접,0.18979800743629902,2023Q1
278470,에이피알,2023,2,연결,248954161554.0,100338779514.0,148615382040.0,127672288171.0,24784940545.0,18766402118.0,직접,0.19412936746151113,2023Q2
278470,에이피알,2023,3,연결,248039138389.0,79364238582.0,168674899807.0,121938746214.0,21859816810.0,18378160494.0,직접,0.17926883364567706,2023Q3
278470,에이피알,2023,4,연결,287309488243.0,90360619465.0,196948868778.0,152019402654.0,34359650516.0,24105484961.0,역산,0.22602148091716576,2023Q4
278470,에이피알,2024,1,연결,435459494779.0,137983929464.0,297475565315.0,148928031349.0,27765383701.0,24093333448.0,직접,0.1864349071796579,2024Q1
278470,에이피알,2024,2,연결,464737227353.0,156011403279.0,308725824074.0,155493932205.0,28011311863.0,24099143128.0,직접,0.18014408321779696,2024Q2
278470,에이피알,2024,3,연결,483856924245.0,202329476320.0,281527447925.0,174117291161.0,27243326884.0,16007060037.0,직접,0.1564653728664379,2024Q3
278470,에이피알,2024,4,연결,565143563187.0,241619489197.0,323524073990.0,244214607586.0,39685522001.0,43390899354.0,역산,0.16250265450245344,2024Q4
278470,에이피알,2025,1,연결,581191093787.0,235668245170.0,345522848617.0,266032725955.0,54568141909.0,49941244107.0,직접,0.20511815496801064,2025Q1
278470,에이피알,2025,2,연결,651336744900.0,243204805352.0,408131939548.0,327734894608.0,84552442450.0,66309082291.0,직접,0.2579903569655963,2025Q2
278470,에이피알,2025,3,연결,617130435828.0,268420165508.0,348710270320.0,385942757341.0,96127667281.0,74634440014.0,직접,0.2490723441561214,2025Q3
278470,에이피알,2025,4,연결,771737546894.0,325937736580.0,445799810314.0,547634595477.0,130272377294.0,98770046875.0,역산,0.23788193508945563,2025Q4
278470,에이피알,2026,1,연결,952996015797.0,446415725952.0,506580289845.0,593355595556.0,152271694994.0,117263942770.0,직접,0.2566280593533711,2026Q1
278470,에이피알,2026,2,연결,1102085656477.0,454051861816.0,648033794661.0,767533293305.0,190553013038.0,141529504826.0,직접,0.24826677187836155,2026Q2
483650,달바글로벌,2024,3,연결,127121984590.0,38077604357.0,89044380233.0,73672161677.0,14044212551.0,9617110068.0,직접,0.19063119951025567,2024Q3
483650,달바글로벌,2024,4,연결,136108165193.0,34039092723.0,102069072470.0,95331577136.0,13476519665.0,12987047125.0,역산,0.14136469855916053,2024Q4
483650,달바글로벌,2025,1,연결,168370270265.0,43713037595.0,124657232670.0,113759841458.0,30051140401.0,24749213281.0,직접,0.26416299474269966,2025Q1
483650,달바글로벌,2025,2,연결,237001236727.0,48017563240.0,188983673487.0,128372734047.0,29230269832.0,19803061297.0,직접,0.2276984287122698,2025Q2
483650,달바글로벌,2025,3,연결,257810703067.0,54091733069.0,203718969998.0,114165748515.0,16652191024.0,14014411521.0,직접,0.14585978054365495,2025Q3
483650,달바글로벌,2025,4,연결,255334642397.0,56779849718.0,198554792679.0,163437123886.0,25535813946.0,20486848014.0,역산,0.15624243341317998,2025Q4
483650,달바글로벌,2026,1,연결,298481034907.0,66621059200.0,231859975707.0,171242032413.0,45090464054.0,36337195796.0,직접,0.263314230849884,2026Q1
483650,달바글로벌,2026,2,연결,339944196483.0,88131618034.0,251812578449.0,186860908470.0,47240874551.0,38059528099.0,직접,0.2528130411962778,2026Q2
